index,loss,correct,predicted,total_logprob
0,0.3677370548248291,1, yes,-0.15503031015396118
1,0.25140684843063354,1, yes,-0.19609886407852173
2,0.4234321713447571,1, yes,-0.19995248317718506
3,0.348091721534729,1, yes,-0.22329246997833252
4,0.3588997721672058,1, yes,-0.16675984859466553
5,0.6003929376602173,1, yes,-0.18366718292236328
6,0.43719521164894104,1, yes,-0.1415492594242096
7,0.44658344984054565,1, yes,-0.18203520774841309
8,0.5568557381629944,1, yes,-0.1621938943862915
9,0.7732890844345093,0, no,-0.2502702474594116
10,0.6941490769386292,0, no,-0.16874337196350098
11,0.823383629322052,0, no,-0.20484691858291626
12,0.5321397185325623,1, yes,-0.15691381692886353
13,0.6592136025428772,1, yes,-0.2377883791923523
14,0.8422933220863342,0, no,-0.14871525764465332
15,0.8396759033203125,0, no,-0.1895233392715454
16,0.4575102925300598,1, yes,-0.2201947569847107
17,0.30373406410217285,1, yes,-0.18022599816322327
18,0.9530118703842163,0, no,-0.16010534763336182
19,0.6159121990203857,1, yes,-0.19214993715286255
20,0.8310257196426392,0, no,-0.21129298210144043
21,0.40018245577812195,1, yes,-0.16030052304267883
22,0.6231869459152222,1, yes,-0.15658080577850342
23,0.18896743655204773,1, yes,-0.19784614443778992
24,0.5276535749435425,1, yes,-0.2050875425338745
25,0.323939710855484,1, yes,-0.22749945521354675
26,0.3889450430870056,1, yes,-0.2324640154838562
27,0.20866547524929047,1, yes,-0.18713654577732086
28,0.5717892646789551,1, yes,-0.21062374114990234
29,0.5586675405502319,1, yes,-0.18442797660827637
30,0.1903543472290039,1, yes,-0.20714452862739563
31,0.3457234501838684,1, yes,-0.2200756072998047
32,0.18251241743564606,1, yes,-0.2505846619606018
33,0.5358233451843262,1, yes,-0.1671428680419922
34,0.8047735095024109,0, no,-0.20748621225357056
35,0.45998677611351013,1, yes,-0.21345117688179016
36,0.5128607749938965,1, yes,-0.23665380477905273
37,0.6414449214935303,1, yes,-0.16378968954086304
38,0.8048937320709229,0, no,-0.17084652185440063
39,0.2068788707256317,1, yes,-0.1567358374595642
40,0.30919960141181946,1, yes,-0.18934673070907593
41,0.647867739200592,1, yes,-0.22273558378219604
42,0.7020450830459595,0, no,-0.2806106209754944
43,0.3527335524559021,1, yes,-0.22507894039154053
44,0.39704594016075134,1, yes,-0.1642264425754547
45,0.3333786427974701,1, yes,-0.17585095763206482
46,0.22240208089351654,1, yes,-0.19427283108234406
47,0.08682113885879517,1, yes,-0.14227427542209625
48,0.3796072006225586,1, yes,-0.16096019744873047
49,0.6342108845710754,1, yes,-0.22376126050949097
50,0.4271097779273987,1, yes,-0.14794999361038208
51,0.5987827777862549,1, yes,-0.1670781970024109
52,0.6796213984489441,1, yes,-0.18370991945266724
53,0.4051871597766876,1, yes,-0.21895137429237366
54,0.7091063857078552,0, no,-0.20582890510559082
55,0.38837930560112,1, yes,-0.1331619918346405
56,0.6255617141723633,1, yes,-0.20209777355194092
57,0.45140066742897034,1, yes,-0.1551961600780487
58,0.38195428252220154,1, yes,-0.18212005496025085
59,0.7312793135643005,0, no,-0.24851715564727783
60,0.7478095889091492,0, no,-0.23038595914840698
61,0.4810410439968109,1, yes,-0.1925238072872162
62,0.5455424785614014,1, yes,-0.11433517932891846
63,0.41615739464759827,1, yes,-0.22004881501197815
64,0.4430127739906311,1, yes,-0.2918265461921692
65,0.46016812324523926,1, yes,-0.16114187240600586
66,0.366248220205307,1, yes,-0.18632254004478455
67,0.6985288262367249,0, no,-0.20023494958877563
68,0.5303859114646912,1, yes,-0.17633873224258423
69,0.6378902792930603,1, yes,-0.16432499885559082
70,0.415642112493515,1, yes,-0.1714387834072113
71,0.4673179090023041,1, yes,-0.1416105329990387
72,0.41795840859413147,1, yes,-0.2502425014972687
73,0.3968134820461273,1, yes,-0.16546383500099182
74,0.6180286407470703,1, yes,-0.1915608048439026
75,0.6196083426475525,1, yes,-0.15651333332061768
76,0.24123546481132507,1, yes,-0.16918224096298218
77,0.16822242736816406,1, yes,-0.13603588938713074
78,0.2579698860645294,1, yes,-0.4080338776111603
79,0.3742137551307678,1, yes,-0.1826828122138977
80,0.38289326429367065,1, yes,-0.17830878496170044
81,0.3288491666316986,1, yes,-0.2922087609767914
82,0.7857086658477783,0, no,-0.44660651683807373
83,0.4955713748931885,1, yes,-0.1890023946762085
84,0.5966081619262695,1, yes,-0.14581817388534546
85,0.5178318619728088,1, yes,-0.2151915431022644
86,0.7234485745429993,0, no,-0.19624507427215576
87,0.5632336735725403,1, yes,-0.3340300917625427
88,0.2542268931865692,1, yes,-0.2693510353565216
89,0.6499519944190979,1, yes,-0.1822550892829895
90,0.677327036857605,1, yes,-0.1722058653831482
91,0.5414049625396729,1, yes,-0.13478350639343262
92,0.5879049301147461,1, yes,-0.1534510850906372
93,0.7944146394729614,0, no,-0.2217015027999878
94,0.383855402469635,1, yes,-0.15176606178283691
95,0.2334841936826706,1, yes,-0.20134274661540985
96,0.9180856347084045,0, no,-0.15280240774154663
97,0.2505916953086853,1, yes,-0.16772344708442688
98,0.6074849963188171,1, yes,-0.2554614543914795
99,0.4513598084449768,1, yes,-0.16825449466705322
100,0.5751489996910095,1, yes,-0.1951197385787964
101,0.6892315149307251,1, yes,-0.19110125303268433
102,0.23519282042980194,1, yes,-0.18457059562206268
103,0.3673575222492218,1, yes,-0.21184608340263367
104,0.4381146728992462,1, yes,-0.23412230610847473
105,0.8206714987754822,0, no,-0.14717870950698853
106,0.3626035749912262,1, yes,-0.1553345024585724
107,0.4291031062602997,1, yes,-0.19445505738258362
108,0.3354877531528473,1, yes,-0.18337157368659973
109,0.13292856514453888,1, yes,-0.18558155000209808
110,0.42706599831581116,1, yes,-0.18209615349769592
111,0.5618689656257629,1, yes,-0.1674017310142517
112,0.3504922091960907,1, yes,-0.17294779419898987
113,0.6030550003051758,1, yes,-0.21500438451766968
114,0.36992454528808594,1, yes,-0.2163945436477661
115,0.33275681734085083,1, yes,-0.1718076467514038
116,0.6306215524673462,1, yes,-0.23285841941833496
117,0.5532339215278625,1, yes,-0.22539126873016357
118,0.5599423050880432,1, yes,-0.18477153778076172
119,0.562233030796051,1, yes,-0.19149327278137207
120,0.2529989778995514,1, yes,-0.21148145198822021
121,0.25085562467575073,1, yes,-0.16697746515274048
122,0.18602225184440613,1, yes,-0.2371363639831543
123,0.3108280301094055,1, yes,-0.202625572681427
124,0.5711092948913574,1, yes,-0.18307214975357056
125,0.20878301560878754,1, yes,-0.37115776538848877
126,0.6627975106239319,1, yes,-0.198133647441864
127,0.18759885430335999,1, yes,-0.19909504055976868
128,0.3707309067249298,1, yes,-0.16758498549461365
129,0.818389356136322,0, no,-0.19705742597579956
130,0.5960204601287842,1, yes,-0.17709070444107056
131,0.2552022337913513,1, yes,-0.13655242323875427
132,0.38021671772003174,1, yes,-0.2242411971092224
133,0.42130187153816223,1, yes,-0.15154621005058289
134,0.3759305775165558,1, yes,-0.16073724627494812
135,0.7383425831794739,0, no,-0.20712649822235107
136,0.6095290780067444,1, yes,-0.1981005072593689
137,0.8939354419708252,0, no,-0.3042125701904297
138,0.5174657702445984,1, yes,-0.19280177354812622
139,0.7350672483444214,0, no,-0.17928701639175415
140,0.5736779570579529,1, yes,-0.2290704846382141
141,0.33702918887138367,1, yes,-0.20418915152549744
142,0.5825780034065247,1, yes,-0.1774195432662964
143,0.428964763879776,1, yes,-0.2442358434200287
144,0.5800353288650513,1, yes,-0.21651029586791992
145,0.5921527147293091,1, yes,-0.18316775560379028
146,0.5973120331764221,1, yes,-0.1549808382987976
147,0.29051703214645386,1, yes,-0.2357274293899536
148,0.4741209149360657,1, yes,-0.1489858627319336
149,0.6039080619812012,1, yes,-0.22221273183822632
150,0.1111384853720665,1, yes,-0.15461823344230652
151,0.26793867349624634,1, yes,-0.24244117736816406
152,0.5365516543388367,1, yes,-0.15465867519378662
153,0.4636431038379669,1, yes,-0.18261417746543884
154,0.11814133822917938,1, yes,-0.25617003440856934
155,0.3374512195587158,1, yes,-0.3539443612098694
156,0.4036303162574768,1, yes,-0.16425460577011108
157,0.3663939833641052,1, yes,-0.16599369049072266
158,0.7148351073265076,0, no,-0.1812494993209839
159,0.44667550921440125,1, yes,-0.2261768877506256
160,0.5954024791717529,1, yes,-0.17347019910812378
161,0.6180382966995239,1, yes,-0.1672040820121765
162,0.6485492587089539,1, yes,-0.18661963939666748
163,0.6355869174003601,1, yes,-0.20087915658950806
164,0.36315789818763733,1, yes,-0.2098492681980133
165,0.5637734532356262,1, yes,-0.18895095586776733
166,0.7865092158317566,0, no,-0.1687082052230835
167,0.717789888381958,0, no,-0.16495221853256226
168,0.37220028042793274,1, yes,-0.154891699552536
169,0.18768560886383057,1, yes,-0.18604394793510437
170,0.5550978779792786,1, yes,-0.24660265445709229
171,0.6360428929328918,1, yes,-0.21962463855743408
172,0.23370115458965302,1, yes,-0.1836210936307907
173,0.30639660358428955,1, yes,-0.1915244162082672
174,0.7582162618637085,0, no,-0.21629446744918823
175,0.1568944752216339,1, yes,-0.25392404198646545
176,0.3158069849014282,1, yes,-0.17847365140914917
177,0.48259878158569336,1, yes,-0.17982441186904907
178,0.4594666361808777,1, yes,-0.18340396881103516
179,0.34377118945121765,1, yes,-0.19513902068138123
180,0.5231583118438721,1, yes,-0.1965518593788147
181,0.35100290179252625,1, yes,-0.16963925957679749
182,0.4232175648212433,1, yes,-0.17840293049812317
183,0.4017152190208435,1, yes,-0.22274792194366455
184,0.47059884667396545,1, yes,-0.17357173562049866
185,0.2560979723930359,1, yes,-0.19989603757858276
186,0.6491674780845642,1, yes,-0.2095375657081604
187,0.23666711151599884,1, yes,-0.33220016956329346
188,0.46297118067741394,1, yes,-0.16085562109947205
189,0.27088502049446106,1, yes,-0.2921851575374603
190,0.5510561466217041,1, yes,-0.2284938097000122
191,0.31452521681785583,1, yes,-0.18379750847816467
192,0.7477805018424988,0, no,-0.25393146276474
193,0.3405424952507019,1, yes,-0.17248421907424927
194,0.31075525283813477,1, yes,-0.2852516770362854
195,0.9032111763954163,0, no,-0.3609108328819275
196,0.3403058648109436,1, yes,-0.15503278374671936
197,0.5137367844581604,1, yes,-0.18655776977539062
198,0.49417760968208313,1, yes,-0.19381359219551086
199,0.5103767514228821,1, yes,-0.2193065881729126
200,0.6969940066337585,0, no,-0.21106642484664917
201,0.49571678042411804,1, yes,-0.14508375525474548
202,0.3653659224510193,1, yes,-0.2038230299949646
203,0.6011043787002563,1, yes,-0.24279123544692993
204,0.4271203577518463,1, yes,-0.20849183201789856
205,0.2792382836341858,1, yes,-0.1853289008140564
206,0.2360411435365677,1, yes,-0.20932607352733612
207,0.24288509786128998,1, yes,-0.22019927203655243
208,0.35354968905448914,1, yes,-0.1379537582397461
209,0.4247468113899231,1, yes,-0.2540234327316284
210,0.6874680519104004,1, yes,-0.24336302280426025
211,0.6747225522994995,1, yes,-0.1821368932723999
212,0.270664244890213,1, yes,-0.19786623120307922
213,0.9528770446777344,0, no,-0.28988054394721985
214,0.5642503499984741,1, yes,-0.20289605855941772
215,0.2669945955276489,1, yes,-0.2830249071121216
216,0.27981823682785034,1, yes,-0.21712994575500488
217,0.1497836858034134,1, yes,-0.25710636377334595
218,0.4655057489871979,1, yes,-0.24087628722190857
219,0.3901943564414978,1, yes,-0.24465203285217285
220,0.5674788951873779,1, yes,-0.15905576944351196
221,0.477657675743103,1, yes,-0.17661207914352417
222,0.29103824496269226,1, yes,-0.17126259207725525
223,0.45978280901908875,1, yes,-0.18561354279518127
224,0.29397785663604736,1, yes,-0.21064996719360352
225,0.6230993866920471,1, yes,-0.1613020896911621
226,0.30450698733329773,1, yes,-0.19504714012145996
227,0.3122459352016449,1, yes,-0.15457555651664734
228,0.4541405439376831,1, yes,-0.18762928247451782
229,0.23284310102462769,1, yes,-0.24947655200958252
230,0.6854626536369324,1, yes,-0.2105616331100464
231,0.5690538883209229,1, yes,-0.27114635705947876
232,0.7258890271186829,0, no,-0.24163192510604858
233,0.33324187994003296,1, yes,-0.25374263525009155
234,0.7977156639099121,0, no,-0.21724271774291992
235,0.7548161745071411,0, no,-0.18182140588760376
236,0.17953169345855713,1, yes,-0.17737644910812378
237,0.31437140703201294,1, yes,-0.2335667610168457
238,0.4988953471183777,1, yes,-0.21434789896011353
239,0.1469939947128296,1, yes,-0.1927226483821869
240,0.3167581260204315,1, yes,-0.22316107153892517
241,0.33984288573265076,1, yes,-0.2679540812969208
242,0.19105477631092072,1, yes,-0.21070294082164764
243,0.2876654863357544,1, yes,-0.2681366801261902
244,0.20620788633823395,1, yes,-0.1350277215242386
245,0.3240368664264679,1, yes,-0.16232886910438538
246,0.4474724531173706,1, yes,-0.1849367618560791
247,0.722511887550354,0, no,-0.22367697954177856
248,0.39635637402534485,1, yes,-0.18276795744895935
249,0.6058705449104309,1, yes,-0.2050418257713318
250,0.28947800397872925,1, yes,-0.136896014213562
251,0.542243480682373,1, yes,-0.22061306238174438
252,0.47123855352401733,1, yes,-0.25974100828170776
253,0.5630192160606384,1, yes,-0.17118024826049805
254,0.689332127571106,1, yes,-0.1814647912979126
255,0.3229562044143677,1, yes,-0.2411414384841919
256,0.30646759271621704,1, yes,-0.14477044343948364
257,0.33646804094314575,1, yes,-0.15156793594360352
258,0.6598407626152039,1, yes,-0.18229037523269653
259,0.6350093483924866,1, yes,-0.17726564407348633
260,0.6804909706115723,1, yes,-0.19444066286087036
261,0.39453360438346863,1, yes,-0.21510139107704163
262,0.5905596017837524,1, yes,-0.2168278694152832
263,0.7158038020133972,0, no,-0.17332643270492554
264,0.7411284446716309,0, no,-0.2030368447303772
265,0.28269267082214355,1, yes,-0.16127508878707886
266,0.3128751516342163,1, yes,-0.16486334800720215
267,0.5264596939086914,1, yes,-0.22109586000442505
268,0.434163898229599,1, yes,-0.20686134696006775
269,0.4179251194000244,1, yes,-0.16330116987228394
270,0.3751673996448517,1, yes,-0.1969459354877472
271,0.4594482481479645,1, yes,-0.21776458621025085
272,0.2750229239463806,1, yes,-0.17152860760688782
273,0.41251012682914734,1, yes,-0.2473871409893036
274,0.30686497688293457,1, yes,-0.18475472927093506
275,0.7767011523246765,0, no,-0.1796209216117859
276,0.9590656757354736,0, no,-0.15479013323783875
277,0.6216642260551453,1, yes,-0.18046826124191284
278,0.27802717685699463,1, yes,-0.1725379228591919
279,0.42050251364707947,1, yes,-0.24684134125709534
280,0.5783581733703613,1, yes,-0.1785683035850525
281,0.40767282247543335,1, yes,-0.16182482242584229
282,0.5324302315711975,1, yes,-0.16706854104995728
283,0.5775803327560425,1, yes,-0.21490824222564697
284,0.5704151391983032,1, yes,-0.17330360412597656
285,0.38370582461357117,1, yes,-0.24688681960105896
286,0.22158575057983398,1, yes,-0.20616480708122253
287,0.40218937397003174,1, yes,-0.19973844289779663
288,0.5954450964927673,1, yes,-0.17710810899734497
289,0.5979341268539429,1, yes,-0.23259788751602173
290,0.302806556224823,1, yes,-0.15884935855865479
291,0.7154315114021301,0, no,-0.18184679746627808
292,0.5384700298309326,1, yes,-0.14657223224639893
293,0.4018465280532837,1, yes,-0.18891167640686035
294,0.22337192296981812,1, yes,-0.19305819272994995
295,0.2526921033859253,1, yes,-0.23681393265724182
296,0.3660687506198883,1, yes,-0.1546148955821991
297,0.32504603266716003,1, yes,-0.1939387023448944
298,0.5702551007270813,1, yes,-0.17801469564437866
299,0.4076785147190094,1, yes,-0.2103274166584015
300,0.46262702345848083,1, yes,-0.25665876269340515
301,0.6834434270858765,1, yes,-0.2199419140815735
302,0.566903293132782,1, yes,-0.1847468614578247
303,0.3587433993816376,1, yes,-0.18839004635810852
304,0.22756463289260864,1, yes,-0.18858394026756287
305,0.718777060508728,0, no,-0.16744470596313477
306,0.5107771754264832,1, yes,-0.21934062242507935
307,0.5001769661903381,1, yes,-0.2381037473678589
308,0.4161008596420288,1, yes,-0.20553302764892578
309,0.7987393140792847,0, no,-0.23069214820861816
310,0.2634987235069275,1, yes,-0.20912829041481018
311,0.39644819498062134,1, yes,-0.16799312829971313
312,0.2973758578300476,1, yes,-0.27135223150253296
313,0.39552074670791626,1, yes,-0.2191835641860962
314,0.23261819779872894,1, yes,-0.17589972913265228
315,0.22867460548877716,1, yes,-0.21329496800899506
316,0.500581681728363,1, yes,-0.20579665899276733
317,0.473275363445282,1, yes,-0.2863372564315796
318,0.7288512587547302,0, no,-0.26324647665023804
319,0.2089264839887619,1, yes,-0.14156441390514374
320,0.27871355414390564,1, yes,-0.1548486053943634
321,0.4265398681163788,1, yes,-0.20405331254005432
322,0.7172584533691406,0, no,-0.21965056657791138
323,0.1983499825000763,1, yes,-0.2742868959903717
324,0.2587820887565613,1, yes,-0.1968439221382141
325,0.23990221321582794,1, yes,-0.18895907700061798
326,0.6163191795349121,1, yes,-0.24287760257720947
327,0.4650551974773407,1, yes,-0.20454314351081848
328,0.9035298824310303,0, no,-0.17421674728393555
329,0.2782364785671234,1, yes,-0.2437208592891693
330,0.5247388482093811,1, yes,-0.2438286542892456
331,0.3758331835269928,1, yes,-0.23893943428993225
332,0.5001453757286072,1, yes,-0.16741734743118286
333,0.7503505349159241,0, no,-0.18448561429977417
334,0.6828665733337402,1, yes,-0.1941325068473816
335,0.45561420917510986,1, yes,-0.2031705379486084
336,0.4692164659500122,1, yes,-0.15198159217834473
337,0.6433387994766235,1, yes,-0.16341334581375122
338,0.6310142278671265,1, yes,-0.2211725115776062
339,0.1938733458518982,1, yes,-0.15722674131393433
340,0.5341488718986511,1, yes,-0.1999015212059021
341,0.26555219292640686,1, yes,-0.1775212585926056
342,0.34922194480895996,1, yes,-0.13909122347831726
343,0.3535149395465851,1, yes,-0.16038766503334045
344,0.6053081750869751,1, yes,-0.16126751899719238
345,0.5629495978355408,1, yes,-0.16942137479782104
346,0.6313490271568298,1, yes,-0.2574489712715149
347,0.23656624555587769,1, yes,-0.23770666122436523
348,0.6524183750152588,1, yes,-0.19784343242645264
349,0.6146921515464783,1, yes,-0.16268068552017212
350,0.2586820423603058,1, yes,-0.21212810277938843
351,0.5108747482299805,1, yes,-0.18659305572509766
352,0.7075111865997314,0, no,-0.15107440948486328
353,0.5800570845603943,1, yes,-0.2741551399230957
354,0.582653820514679,1, yes,-0.19482141733169556
355,0.5642684102058411,1, yes,-0.21602284908294678
356,0.402744859457016,1, yes,-0.18674907088279724
357,0.3172783851623535,1, yes,-0.177340567111969
358,0.7848599553108215,0, no,-0.16392529010772705
359,0.9111925959587097,0, no,-0.16835063695907593
360,0.3768896162509918,1, yes,-0.16746780276298523
361,0.36001649498939514,1, yes,-0.15882882475852966
362,0.41800469160079956,1, yes,-0.1565183401107788
363,0.718461275100708,0, no,-0.23371922969818115
364,0.5483331084251404,1, yes,-0.20411533117294312
365,0.21471157670021057,1, yes,-0.30996277928352356
366,0.3012126386165619,1, yes,-0.18686139583587646
367,0.29390063881874084,1, yes,-0.1743544042110443
368,0.8189662098884583,0, no,-0.14634215831756592
369,0.37684890627861023,1, yes,-0.18381443619728088
370,0.2843727767467499,1, yes,-0.20902523398399353
371,0.627394437789917,1, yes,-0.19162356853485107
372,0.4677218496799469,1, yes,-0.1402513086795807
373,0.8899125456809998,0, no,-0.21743911504745483
374,0.19341808557510376,1, yes,-0.24686571955680847
375,0.1899629533290863,1, yes,-0.19457769393920898
376,0.48167213797569275,1, yes,-0.19901719689369202
377,0.6376869678497314,1, yes,-0.19211465120315552
378,0.6271499991416931,1, yes,-0.3047199845314026
379,0.33961984515190125,1, yes,-0.1508442461490631
380,0.48376959562301636,1, yes,-0.22011148929595947
381,0.582909882068634,1, yes,-0.21681880950927734
382,0.30660954117774963,1, yes,-0.16991865634918213
383,0.5666326880455017,1, yes,-0.13845199346542358
384,0.30012986063957214,1, yes,-0.1304078996181488
385,0.36377519369125366,1, yes,-0.11143770813941956
386,0.5812618732452393,1, yes,-0.2232723832130432
387,0.48143085837364197,1, yes,-0.1471734344959259
388,0.16060802340507507,1, yes,-0.1919376254081726
389,0.46541348099708557,1, yes,-0.24515995383262634
390,0.22775962948799133,1, yes,-0.20599979162216187
391,0.6092923283576965,1, yes,-0.16803133487701416
392,0.25471583008766174,1, yes,-0.19614219665527344
393,0.4220243990421295,1, yes,-0.18379119038581848
394,0.1675838679075241,1, yes,-0.2650300860404968
395,0.4007205367088318,1, yes,-0.18807363510131836
396,0.3744943141937256,1, yes,-0.17840784788131714
397,0.5320468544960022,1, yes,-0.17280340194702148
398,0.3380897641181946,1, yes,-0.2192385196685791
399,0.35571762919425964,1, yes,-0.171878844499588
400,0.2690999209880829,1, yes,-0.26385173201560974
401,0.5987924337387085,1, yes,-0.18717634677886963
402,0.4180111289024353,1, yes,-0.13617360591888428
403,0.5703826546669006,1, yes,-0.20177888870239258
404,0.18398338556289673,1, yes,-0.2040758728981018
405,0.6016181707382202,1, yes,-0.19769877195358276
406,0.40791431069374084,1, yes,-0.24046257138252258
407,0.426420658826828,1, yes,-0.20359912514686584
408,0.5100085735321045,1, yes,-0.17364919185638428
409,0.2350744605064392,1, yes,-0.20406901836395264
410,0.8069730401039124,0, no,-0.26990944147109985
411,0.4218110740184784,1, yes,-0.20814111828804016
412,0.5200844407081604,1, yes,-0.1632174849510193
413,0.8537501096725464,0, no,-0.19362473487854004
414,0.5778524279594421,1, yes,-0.1519961953163147
415,0.20811544358730316,1, yes,-0.2772979736328125
416,0.2850220203399658,1, yes,-0.21266663074493408
417,0.44003015756607056,1, yes,-0.17476266622543335
418,0.5162572860717773,1, yes,-0.16864484548568726
419,0.33208951354026794,1, yes,-0.20310267806053162
420,0.3263211250305176,1, yes,-0.17553794384002686
421,1.5424108505249023,0, yes,-0.21537727117538452
422,1.1368476152420044,0, yes,-0.15808501839637756
423,0.6020994186401367,1, no,-0.19514161348342896
424,1.113378643989563,0, yes,-0.1371353566646576
425,1.774478793144226,0, yes,-0.12608838081359863
426,1.1394621133804321,0, yes,-0.19337454438209534
427,1.710465431213379,0, yes,-0.2029399871826172
428,1.4034414291381836,0, yes,-0.1536032259464264
429,0.9995790719985962,0, yes,-0.3209708631038666
430,0.9071924686431885,0, yes,-0.16584956645965576
431,0.7193990349769592,0, yes,-0.17417967319488525
432,2.653348684310913,0, yes,-0.17966529726982117
433,1.1547801494598389,0, yes,-0.18500900268554688
434,1.144382119178772,0, yes,-0.17439493536949158
435,1.3507699966430664,0, yes,-0.18292155861854553
436,1.9842290878295898,0, yes,-0.39226746559143066
437,1.6616923809051514,0, yes,-0.18195846676826477
438,0.7712900638580322,0, yes,-0.19773757457733154
439,0.55900639295578,1, no,-0.20185697078704834
440,0.8440036773681641,0, yes,-0.2106691598892212
441,0.7989827394485474,0, yes,-0.17936772108078003
442,1.16729736328125,0, yes,-0.18202969431877136
443,0.870049238204956,0, yes,-0.1740020513534546
444,0.8390930891036987,0, yes,-0.20671939849853516
445,1.6946990489959717,0, yes,-0.21369782090187073
446,1.8440217971801758,0, yes,-0.18353025615215302
447,1.066893458366394,0, yes,-0.22308865189552307
448,0.8839967846870422,0, yes,-0.1990242600440979
449,1.4703500270843506,0, yes,-0.20483636856079102
450,0.9227964282035828,0, yes,-0.1915615200996399
451,1.3698756694793701,0, yes,-0.1844405233860016
452,0.7747290730476379,0, yes,-0.20978587865829468
453,0.9657257199287415,0, yes,-0.2826036810874939
454,0.5193315744400024,1, no,-0.19461548328399658
455,0.7863067388534546,0, yes,-0.2112746238708496
456,2.4218180179595947,0, yes,-0.18742644786834717
457,0.6267919540405273,1, no,-0.17528343200683594
458,1.5269755125045776,0, yes,-0.18571893870830536
459,0.8301216959953308,0, yes,-0.16279983520507812
460,1.542373538017273,0, yes,-0.1482955664396286
461,0.971842885017395,0, yes,-0.14408230781555176
462,1.5581616163253784,0, yes,-0.19066432118415833
463,0.6322592496871948,1, no,-0.20154321193695068
464,1.9931535720825195,0, yes,-0.22516751289367676
465,1.7255356311798096,0, yes,-0.15590888261795044
466,1.0532708168029785,0, yes,-0.1645713746547699
467,1.3419973850250244,0, yes,-0.23163250088691711
468,1.5602988004684448,0, yes,-0.3006839454174042
469,1.1585206985473633,0, yes,-0.17886105179786682
470,1.1112828254699707,0, yes,-0.17291179299354553
471,0.9828513860702515,0, yes,-0.2704585790634155
472,0.9979056715965271,0, yes,-0.16780084371566772
473,1.8258804082870483,0, yes,-0.18092185258865356
474,0.8577050566673279,0, yes,-0.18015533685684204
475,0.8274006843566895,0, yes,-0.2545279264450073
476,1.839194416999817,0, yes,-0.49664539098739624
477,0.75273197889328,0, yes,-0.22493350505828857
478,0.6980888247489929,0, yes,-0.1855277419090271
479,1.7555372714996338,0, yes,-0.4879757761955261
480,1.3148852586746216,0, yes,-0.15759190917015076
481,0.947555422782898,0, yes,-0.1890052855014801
482,1.9640288352966309,0, yes,-0.18196366727352142
483,0.7172752022743225,0, yes,-0.176805317401886
484,0.9274712800979614,0, yes,-0.19318914413452148
485,1.8090713024139404,0, yes,-0.15647238492965698
486,0.7646382451057434,0, yes,-0.22036391496658325
487,0.9832775592803955,0, yes,-0.20860064029693604
488,0.5570975542068481,1, no,-0.19428777694702148
489,0.9858511686325073,0, yes,-0.13985958695411682
490,1.867155909538269,0, yes,-0.2254822552204132
491,1.5621871948242188,0, yes,-0.17631493508815765
492,1.1518676280975342,0, yes,-0.15193411707878113
493,1.52590811252594,0, yes,-0.21657012403011322
494,1.7881749868392944,0, yes,-0.19349749386310577
495,1.3898451328277588,0, yes,-0.19327521324157715
496,0.8515517115592957,0, yes,-0.19020694494247437
497,1.5738695859909058,0, yes,-0.25210362672805786
498,1.1552425622940063,0, yes,-0.21123018860816956
499,0.8563580513000488,0, yes,-0.20090937614440918
500,1.2370617389678955,0, yes,-0.1660604178905487
501,1.3160909414291382,0, yes,-0.32546254992485046
502,1.3528908491134644,0, yes,-0.18391916155815125
503,1.1215399503707886,0, yes,-0.14813080430030823
504,0.8627846837043762,0, yes,-0.17861634492874146
505,1.3149144649505615,0, yes,-0.22818803787231445
506,0.842911422252655,0, yes,-0.23708289861679077
507,0.10633298009634018,1, no,-0.3482290506362915
508,1.1821742057800293,0, yes,-0.19510570168495178
509,1.1375887393951416,0, yes,-0.18574661016464233
510,1.220919132232666,0, yes,-0.20340481400489807
511,1.7253979444503784,0, yes,-0.5611573457717896
512,1.8863204717636108,0, yes,-0.2200278490781784
513,0.9732213020324707,0, yes,-0.17231014370918274
514,1.3640501499176025,0, yes,-0.19673961400985718
515,0.706684410572052,0, yes,-0.20096701383590698
516,1.0052744150161743,0, yes,-0.1562921106815338
517,0.8310825824737549,0, yes,-0.19894695281982422
518,0.7906888723373413,0, yes,-0.22312963008880615
519,0.7843601703643799,0, yes,-0.23402082920074463
520,0.8904713988304138,0, yes,-0.18043845891952515
521,1.288710355758667,0, yes,-0.12125468254089355
522,0.7400916218757629,0, yes,-0.2331993579864502
523,1.2643916606903076,0, yes,-0.24351578950881958
524,1.2527081966400146,0, yes,-0.20779305696487427
525,1.061214566230774,0, yes,-0.16932019591331482
526,1.5614427328109741,0, yes,-0.22648224234580994
527,1.0212661027908325,0, yes,-0.17293143272399902
528,1.5468144416809082,0, yes,-0.1546391397714615
529,1.6448942422866821,0, yes,-0.17755819857120514
530,1.2872295379638672,0, yes,-0.17256546020507812
531,1.0271474123001099,0, yes,-0.1556856334209442
532,1.1169555187225342,0, yes,-0.35225027799606323
533,1.331535816192627,0, yes,-0.19570958614349365
534,1.4054663181304932,0, yes,-0.16462606191635132
535,0.39239564538002014,1, no,-0.20695552229881287
536,0.8055615425109863,0, yes,-0.19846129417419434
537,1.4016005992889404,0, yes,-0.18513897061347961
538,1.4584770202636719,0, yes,-0.4144868850708008
539,0.6790439486503601,1, no,-0.16236525774002075
540,1.1562044620513916,0, yes,-0.17247718572616577
541,1.127640724182129,0, yes,-0.22659248113632202
542,1.0590031147003174,0, yes,-0.19446644186973572
543,1.2042678594589233,0, yes,-0.18853890895843506
544,0.9329086542129517,0, yes,-0.19704070687294006
545,1.1820008754730225,0, yes,-0.15717345476150513
546,0.9947439432144165,0, yes,-0.21536219120025635
547,0.8000305891036987,0, yes,-0.18451112508773804
548,1.2101168632507324,0, yes,-0.17595705389976501
549,1.8554341793060303,0, yes,-0.33251768350601196
550,0.8725141286849976,0, yes,-0.174782395362854
551,2.1647980213165283,0, yes,-0.23766405880451202
552,1.712587594985962,0, yes,-0.16035611927509308
553,0.328437864780426,1, no,-0.33586663007736206
554,0.5810417532920837,1, no,-0.17498695850372314
555,0.7472894191741943,0, yes,-0.1862446665763855
556,1.0407447814941406,0, yes,-0.18089920282363892
557,0.8600841760635376,0, yes,-0.19330298900604248
558,1.347679615020752,0, yes,-0.18664765357971191
559,1.2706432342529297,0, yes,-0.1316288411617279
560,2.2506041526794434,0, yes,-0.1718057096004486
561,1.0108075141906738,0, yes,-0.25050392746925354
562,1.575607419013977,0, yes,-0.2840206027030945
563,1.5673701763153076,0, yes,-0.1728278398513794
564,0.8170661330223083,0, yes,-0.1565765142440796
565,1.4741466045379639,0, yes,-0.15529575943946838
566,1.941868543624878,0, yes,-0.2020568698644638
567,1.4815738201141357,0, yes,-0.17777222394943237
568,1.1466182470321655,0, yes,-0.20156744122505188
569,1.2121285200119019,0, yes,-0.17936623096466064
570,1.6297917366027832,0, yes,-0.19856539368629456
571,1.0808069705963135,0, yes,-0.2046445906162262
572,0.9242143630981445,0, yes,-0.22250306606292725
573,1.9548447132110596,0, yes,-0.17587876319885254
574,0.7879653573036194,0, yes,-0.21320980787277222
575,0.6934868097305298,0, yes,-0.2465270757675171
576,1.3974884748458862,0, yes,-0.25264599919319153
577,0.8568837642669678,0, yes,-0.21654999256134033
578,1.1520373821258545,0, yes,-0.18405741453170776
579,0.5547696352005005,1, no,-0.18890827894210815
580,1.7249480485916138,0, yes,-0.48821544647216797
581,2.0361201763153076,0, yes,-0.15946123003959656
582,1.6364898681640625,0, yes,-0.18545347452163696
583,1.0960875749588013,0, yes,-0.17319968342781067
584,0.9411914944648743,0, yes,-0.2047174572944641
585,0.9638394117355347,0, yes,-0.17601117491722107
586,1.476226568222046,0, yes,-0.15360841155052185
587,0.8664144277572632,0, yes,-0.18877458572387695
588,1.0494987964630127,0, yes,-0.22265636920928955
589,1.0011191368103027,0, yes,-0.3339592218399048
590,1.7092982530593872,0, yes,-0.47668421268463135
591,0.9914320707321167,0, yes,-0.22229382395744324
592,1.6031949520111084,0, yes,-0.18980081379413605
593,1.288912057876587,0, yes,-0.2173803150653839
594,0.7915449142456055,0, yes,-0.19433706998825073
595,1.8442131280899048,0, yes,-0.1959780901670456
596,1.1536856889724731,0, yes,-0.2078222930431366
597,0.6699209809303284,1, no,-0.3218315839767456
598,2.1277782917022705,0, yes,-0.3718351125717163
599,1.0434187650680542,0, yes,-0.1783074140548706
600,0.7562836408615112,0, yes,-0.1973300576210022
601,1.2806042432785034,0, yes,-0.1384802758693695
602,0.564017653465271,1, no,-0.2051813006401062
603,1.5873900651931763,0, yes,-0.19465194642543793
604,2.073493719100952,0, yes,-0.1715449094772339
605,1.6793806552886963,0, yes,-0.19840022921562195
606,1.1236860752105713,0, yes,-0.16891145706176758
607,1.1365666389465332,0, yes,-0.21571087837219238
608,0.8443266153335571,0, yes,-0.1839977502822876
609,1.131803035736084,0, yes,-0.20959976315498352
610,1.1522185802459717,0, yes,-0.1687963604927063
611,1.78220796585083,0, yes,-0.1879688948392868
612,1.0555514097213745,0, yes,-0.17393577098846436
613,1.2717809677124023,0, yes,-0.1577204167842865
614,0.9897810220718384,0, yes,-0.19982457160949707
615,1.0717790126800537,0, yes,-0.32387271523475647
616,1.1330710649490356,0, yes,-0.2125249207019806
617,1.050284743309021,0, yes,-0.1616586148738861
618,1.9446334838867188,0, yes,-0.15154431760311127
619,1.6789445877075195,0, yes,-0.14444825053215027
620,1.4808855056762695,0, yes,-0.18013101816177368
621,1.7177681922912598,0, yes,-0.17451608180999756
622,1.9414976835250854,0, yes,-0.1969413161277771
623,1.3769687414169312,0, yes,-0.1703920066356659
624,0.7356532216072083,0, yes,-0.14441817998886108
625,1.254632592201233,0, yes,-0.14335796236991882
626,1.0295820236206055,0, yes,-0.18517941236495972
627,1.3244142532348633,0, yes,-0.1557844877243042
628,0.6130279302597046,1, no,-0.19789087772369385
629,1.7727717161178589,0, yes,-0.2680601477622986
630,1.8570419549942017,0, yes,-0.18322435021400452
631,1.3879224061965942,0, yes,-0.39125820994377136
632,0.8196777105331421,0, yes,-0.19438433647155762
633,1.0928289890289307,0, yes,-0.16056445240974426
634,1.9047976732254028,0, yes,-0.15774402022361755
635,2.3393940925598145,0, yes,-0.15356791019439697
636,0.7347833514213562,0, yes,-0.18159836530685425
637,1.014655351638794,0, yes,-0.18760448694229126
638,1.2363498210906982,0, yes,-0.21395903825759888
639,1.3589715957641602,0, yes,-0.1484731137752533
640,0.7744093537330627,0, yes,-0.2966180443763733
641,1.2989305257797241,0, yes,-0.1650157868862152
642,1.0927529335021973,0, yes,-0.16452458500862122
643,2.2087018489837646,0, yes,-0.16921232640743256
644,1.7188138961791992,0, yes,-0.18575230240821838
645,0.608875572681427,1, no,-0.2725523114204407
646,1.5795108079910278,0, yes,-0.1924009621143341
647,1.346592664718628,0, yes,-0.19819387793540955
648,1.711532711982727,0, yes,-0.18384557962417603
649,1.4499326944351196,0, yes,-0.19246906042099
650,0.9234482645988464,0, yes,-0.15680760145187378
651,1.719101905822754,0, yes,-0.18560642004013062
652,1.722487449645996,0, yes,-0.2030729353427887
653,1.052306056022644,0, yes,-0.2020152509212494
654,2.161440372467041,0, yes,-0.3012765645980835
655,0.6229774355888367,1, no,-0.1916179656982422
656,1.2015639543533325,0, yes,-0.4233415424823761
657,1.8243590593338013,0, yes,-0.20635303854942322
658,1.1486883163452148,0, yes,-0.2532748579978943
659,0.8675523996353149,0, yes,-0.1967451572418213
660,1.7929883003234863,0, yes,-0.17161978781223297
661,1.1948500871658325,0, yes,-0.16623759269714355
662,0.7670118808746338,0, yes,-0.3959674835205078
663,0.8222689628601074,0, yes,-0.2063896656036377
664,1.2303820848464966,0, yes,-0.13439980149269104
665,1.4360394477844238,0, yes,-0.1667751669883728
666,2.17962646484375,0, yes,-0.18242117762565613
667,1.146177053451538,0, yes,-0.15159165859222412
668,1.2070682048797607,0, yes,-0.19792917370796204
669,0.8485690951347351,0, yes,-0.20591098070144653
670,1.2946593761444092,0, yes,-0.19292938709259033
671,0.9998914003372192,0, yes,-0.260447233915329
672,1.5993287563323975,0, yes,-0.21763145923614502
673,1.1912755966186523,0, yes,-0.1529574990272522
674,0.8429081439971924,0, yes,-0.169708251953125
675,0.8340637683868408,0, yes,-0.20921313762664795
676,1.2571970224380493,0, yes,-0.14788827300071716
677,1.7369108200073242,0, yes,-0.13905537128448486
678,1.1225420236587524,0, yes,-0.1495530903339386
679,1.8661645650863647,0, yes,-0.16782422363758087
680,1.461164116859436,0, yes,-0.19978439807891846
681,1.4336068630218506,0, yes,-0.1871536374092102
682,1.6471281051635742,0, yes,-0.2495991587638855
683,1.5860307216644287,0, yes,-0.15248149633407593
684,0.7396538853645325,0, yes,-0.1857423186302185
685,1.8250484466552734,0, yes,-0.15843826532363892
686,2.212419271469116,0, yes,-0.22419299185276031
687,0.8184576630592346,0, yes,-0.1786707043647766
688,1.8262228965759277,0, yes,-0.1619633287191391
689,0.8416344523429871,0, yes,-0.21538656949996948
690,1.0616586208343506,0, yes,-0.23221373558044434
691,1.5696049928665161,0, yes,-0.4321637749671936
692,1.1234660148620605,0, yes,-0.17384308576583862
693,1.0112916231155396,0, yes,-0.16599395871162415
694,0.829134464263916,0, yes,-0.17796599864959717
695,0.9161277413368225,0, yes,-0.24549251794815063
696,0.7071068286895752,0, yes,-0.34141314029693604
697,0.8811060786247253,0, yes,-0.15235239267349243
698,1.023465633392334,0, yes,-0.13977590203285217
699,1.4732611179351807,0, yes,-0.1894208788871765
700,0.9920613765716553,0, yes,-0.15326011180877686
701,0.5643842220306396,1, no,-0.18894946575164795
702,1.7269878387451172,0, yes,-0.15051321685314178
703,1.3362252712249756,0, yes,-0.22095254063606262
704,1.1331565380096436,0, yes,-0.2077045440673828
705,1.2591862678527832,0, yes,-0.19475194811820984
706,1.3712587356567383,0, yes,-0.2109317183494568
707,0.8373026847839355,0, yes,-0.18551504611968994
708,1.5554852485656738,0, yes,-0.20090271532535553
709,0.9129658341407776,0, yes,-0.1793389916419983
710,2.075376510620117,0, yes,-0.18019936978816986
711,0.8998493552207947,0, yes,-0.20131152868270874
712,1.8289536237716675,0, yes,-0.15192604064941406
713,0.9317196607589722,0, yes,-0.19893205165863037
714,1.8530676364898682,0, yes,-0.3731377422809601
715,1.1025227308273315,0, yes,-0.208166241645813
716,1.0584923028945923,0, yes,-0.21794256567955017
717,2.39202618598938,0, yes,-0.1751914769411087
718,0.9446839094161987,0, yes,-0.15499162673950195
719,1.3895859718322754,0, yes,-0.13523852825164795
720,1.1659656763076782,0, yes,-0.1950218677520752
721,1.200447916984558,0, yes,-0.15107443928718567
722,1.7302194833755493,0, yes,-0.1561349332332611
723,0.9534666538238525,0, yes,-0.20933714509010315
724,1.5671814680099487,0, yes,-0.24406664073467255
725,0.8336611986160278,0, yes,-0.2458866834640503
726,0.9061680436134338,0, yes,-0.16017621755599976
727,2.063899040222168,0, yes,-0.1929694414138794
728,0.6902104616165161,1, no,-0.1852300763130188
729,1.1622886657714844,0, yes,-0.1912693977355957
730,1.029360055923462,0, yes,-0.189491868019104
731,1.0589046478271484,0, yes,-0.17033416032791138
732,0.6281663179397583,1, no,-0.17062008380889893
733,0.9891256093978882,0, yes,-0.18422937393188477
734,0.955512285232544,0, yes,-0.20525142550468445
735,1.7654541730880737,0, yes,-0.15906542539596558
736,1.118979811668396,0, yes,-0.20367339253425598
737,1.4810492992401123,0, yes,-0.17631414532661438
738,1.7598607540130615,0, yes,-0.17288532853126526
739,1.2494256496429443,0, yes,-0.26957079768180847
740,1.2307140827178955,0, yes,-0.21281683444976807
741,0.6185352206230164,1, no,-0.2060757875442505
742,1.728347659111023,0, yes,-0.15790767967700958
743,1.6340404748916626,0, yes,-0.20732130110263824
744,1.6623739004135132,0, yes,-0.20583242177963257
745,2.2779505252838135,0, yes,-0.1327701210975647
746,0.8030065894126892,0, yes,-0.1734517216682434
747,1.47013258934021,0, yes,-0.16389870643615723
748,2.1908822059631348,0, yes,-0.1961321085691452
749,1.7505731582641602,0, yes,-0.3903577923774719
750,1.1236307621002197,0, yes,-0.1806964874267578
751,1.6032346487045288,0, yes,-0.20520731806755066
752,0.7260376214981079,0, yes,-0.24813508987426758
753,2.1342527866363525,0, yes,-0.198455348610878
754,0.8628717660903931,0, yes,-0.1522839069366455
755,1.1309514045715332,0, yes,-0.2717381417751312
756,1.039062738418579,0, yes,-0.17521163821220398
757,0.46674153208732605,1, no,-0.17857202887535095
758,1.824925422668457,0, yes,-0.2225370854139328
759,1.6631715297698975,0, yes,-0.24090488255023956
760,0.9552611708641052,0, yes,-0.3125661015510559
761,1.182199239730835,0, yes,-0.23268118500709534
762,0.8302227258682251,0, yes,-0.1811593770980835
763,1.011754035949707,0, yes,-0.3022579252719879
764,0.730362594127655,0, yes,-0.18516886234283447
765,1.2967123985290527,0, yes,-0.18928387761116028
766,1.283486008644104,0, yes,-0.2299591600894928
767,1.490231990814209,0, yes,-0.17939957976341248
768,1.1295541524887085,0, yes,-0.1542646586894989
769,1.555572509765625,0, yes,-0.18755635619163513
770,1.0476292371749878,0, yes,-0.2134074866771698
771,1.1745929718017578,0, yes,-0.150292307138443
772,1.5174205303192139,0, yes,-0.20700043439865112
773,1.0053927898406982,0, yes,-0.19089502096176147
774,1.2360007762908936,0, yes,-0.2369031310081482
775,0.6213322281837463,1, no,-0.22136878967285156
776,1.3596010208129883,0, yes,-0.17009571194648743
777,1.6513099670410156,0, yes,-0.4086161255836487
778,0.6267271637916565,1, no,-0.18371891975402832
779,1.6606202125549316,0, yes,-0.2203514128923416
780,0.7961640954017639,0, yes,-0.22401899099349976
781,0.7483239769935608,0, yes,-0.4058679938316345
782,1.1208778619766235,0, yes,-0.2141510546207428
783,0.8321747183799744,0, yes,-0.19264298677444458
784,1.5397745370864868,0, yes,-0.19504821300506592
785,1.5219533443450928,0, yes,-0.2503758668899536
786,1.3625099658966064,0, yes,-0.19376671314239502
787,1.6355236768722534,0, yes,-0.18031226098537445
788,0.8209438920021057,0, yes,-0.14638948440551758
789,1.5837455987930298,0, yes,-0.13874374330043793
790,1.2557971477508545,0, yes,-0.164187490940094
791,0.9272463321685791,0, yes,-0.17310142517089844
792,1.0702229738235474,0, yes,-0.3672114610671997
793,1.2935948371887207,0, yes,-0.11510512232780457
794,1.7578885555267334,0, yes,-0.2783192992210388
795,0.7041264176368713,0, yes,-0.17612546682357788
796,1.3174493312835693,0, yes,-0.21641942858695984
797,1.0887657403945923,0, yes,-0.16748115420341492
798,0.8362981677055359,0, yes,-0.255867063999176
799,1.7622994184494019,0, yes,-0.19701889157295227
800,1.4844712018966675,0, yes,-0.20656362175941467
801,1.6106594800949097,0, yes,-0.15888084471225739
802,0.7654570937156677,0, yes,-0.15413355827331543
803,1.5395166873931885,0, yes,-0.17995843291282654
804,1.2358626127243042,0, yes,-0.19410380721092224
805,0.6943648457527161,0, yes,-0.15285533666610718
806,1.0139378309249878,0, yes,-0.23236238956451416
807,1.2117172479629517,0, yes,-0.20467981696128845
808,1.1113636493682861,0, yes,-0.14252570271492004
809,1.4535332918167114,0, yes,-0.323505699634552
810,1.6955616474151611,0, yes,-0.24195824563503265
811,0.1953693926334381,1, no,-0.4353644549846649
812,1.2232656478881836,0, yes,-0.18530768156051636
813,1.0864670276641846,0, yes,-0.23316815495491028
814,1.1905440092086792,0, yes,-0.15555331110954285
815,1.5272727012634277,0, yes,-0.15192148089408875
816,0.8621001839637756,0, yes,-0.20177847146987915
817,1.1199073791503906,0, yes,-0.23415955901145935
818,1.4167773723602295,0, yes,-0.17499640583992004
819,2.2472140789031982,0, yes,-0.20359449088573456
820,0.6503887176513672,1, no,-0.22788071632385254
821,1.2477691173553467,0, yes,-0.1385454535484314
822,1.6381781101226807,0, yes,-0.1924242377281189
823,1.5416150093078613,0, yes,-0.23012016713619232
824,1.305405855178833,0, yes,-0.20574557781219482
825,1.3477176427841187,0, yes,-0.19770610332489014
826,1.0451974868774414,0, yes,-0.15076592564582825
827,1.9456093311309814,0, yes,-0.3132493495941162
828,0.946647047996521,0, yes,-0.3697972595691681
829,1.7654478549957275,0, yes,-0.199222594499588
830,0.8156145811080933,0, yes,-0.18633103370666504
831,1.7576221227645874,0, yes,-0.31596553325653076
832,0.9878011345863342,0, yes,-0.1713894009590149
833,1.3866559267044067,0, yes,-0.1838792860507965
834,1.5984020233154297,0, yes,-0.18476663529872894
835,0.7450960278511047,0, yes,-0.18058913946151733
836,2.0256009101867676,0, yes,-0.19934017956256866
837,0.9684828519821167,0, yes,-0.19055619835853577
838,0.8530363440513611,0, yes,-0.1917598843574524
839,1.560088038444519,0, yes,-0.1801503300666809
840,1.5797576904296875,0, yes,-0.33930718898773193
841,1.6876028776168823,0, yes,-0.17795276641845703
