index,loss,correct,predicted,total_logprob,ground_truth
0,0.6406232118606567,1, yes,-0.02385193109512329, yes
1,0.476900577545166,1, yes,-0.03560161590576172, yes
2,0.44065725803375244,1, yes,-0.041255831718444824, yes
3,0.8562395572662354,0, no,-0.04539388418197632, yes
4,0.43197110295295715,1, yes,-0.027323871850967407, yes
5,0.30702582001686096,1, yes,-0.02859482169151306, yes
6,0.818698525428772,0, no,-0.05059647560119629, yes
7,0.5416761636734009,1, yes,-0.04267227649688721, yes
8,0.7943321466445923,0, no,-0.030423879623413086, yes
9,0.7921448945999146,0, no,-0.054908573627471924, yes
10,0.7060649991035461,0, no,-0.0291593074798584, yes
11,0.6616493463516235,1, yes,-0.03733545541763306, yes
12,0.47606781125068665,1, yes,-0.11462286114692688, yes
13,0.5837975144386292,1, yes,-0.054183125495910645, yes
14,0.6476640701293945,1, yes,-0.077639639377594, yes
15,0.7126232385635376,0, no,-0.07137566804885864, yes
16,0.9946562051773071,0, no,-0.05876496434211731, yes
17,0.9748311042785645,0, no,-0.044336915016174316, yes
18,0.6672593951225281,1, yes,-0.024927735328674316, yes
19,0.5959151387214661,1, yes,-0.027022063732147217, yes
20,0.6193503737449646,1, yes,-0.041099727153778076, yes
21,0.8875249028205872,0, no,-0.039631545543670654, yes
22,0.48351654410362244,1, yes,-0.03816869854927063, yes
23,0.5420143008232117,1, yes,-0.027239322662353516, yes
24,0.4901372194290161,1, yes,-0.04470193386077881, yes
25,0.6391847133636475,1, yes,-0.03237104415893555, yes
26,0.8151000142097473,0, no,-0.0334242582321167, yes
27,0.8186495900154114,0, no,-0.04124051332473755, yes
28,0.5465609431266785,1, yes,-0.035590946674346924, yes
29,0.8127472400665283,0, no,-0.04391133785247803, yes
30,0.59731125831604,1, yes,-0.03797304630279541, yes
31,0.8257657289505005,0, no,-0.06299519538879395, yes
32,0.8127599358558655,0, no,-0.040010154247283936, yes
33,0.6060290932655334,1, yes,-0.03176802396774292, yes
34,0.9372997879981995,0, no,-0.03421992063522339, yes
35,0.6810334920883179,1, yes,-0.02343815565109253, yes
36,0.5290564298629761,1, yes,-0.035183489322662354, yes
37,0.6243217587471008,1, yes,-0.04652661085128784, yes
38,0.6922053694725037,1, yes,-0.04948544502258301, yes
39,0.6160429120063782,1, yes,-0.04201430082321167, yes
40,0.9469201564788818,0, no,-0.054873257875442505, yes
41,0.6834255456924438,1, yes,-0.03461569547653198, yes
42,0.6462611556053162,1, yes,-0.06691527366638184, yes
43,0.5273072123527527,1, yes,-0.054657042026519775, yes
44,0.6664851903915405,1, yes,-0.04380488395690918, yes
45,0.6561845541000366,1, yes,-0.02903306484222412, yes
46,0.5913000702857971,1, yes,-0.02906489372253418, yes
47,0.8396986722946167,0, no,-0.0431559681892395, yes
48,0.5390499830245972,1, yes,-0.04664111137390137, yes
49,0.7828069925308228,0, no,-0.045530855655670166, yes
50,0.6707670092582703,1, yes,-0.036051809787750244, yes
51,0.5775636434555054,1, yes,-0.035960853099823, yes
52,0.4327102601528168,1, yes,-0.04167422652244568, yes
53,0.6764011979103088,1, yes,-0.09335440397262573, yes
54,0.8664520382881165,0, no,-0.04614591598510742, yes
55,0.6465708613395691,1, yes,-0.025221645832061768, yes
56,0.5143693685531616,1, yes,-0.03233736753463745, yes
57,0.7295286655426025,0, no,-0.0565485954284668, yes
58,0.8291677832603455,0, no,-0.06895709037780762, yes
59,0.4886608123779297,1, yes,-0.02762007713317871, yes
60,0.5985499024391174,1, yes,-0.030468642711639404, yes
61,0.6642405390739441,1, yes,-0.029043972492218018, yes
62,0.8921589851379395,0, no,-0.05898177623748779, yes
63,0.43345364928245544,1, yes,-0.04528084397315979, yes
64,0.4696560204029083,1, yes,-0.021484792232513428, yes
65,0.5484797358512878,1, yes,-0.054731905460357666, yes
66,0.5314789414405823,1, yes,-0.03690755367279053, yes
67,0.5993826985359192,1, yes,-0.03966790437698364, yes
68,0.7895627617835999,0, no,-0.02825772762298584, yes
69,0.7169285416603088,0, no,-0.039736151695251465, yes
70,0.7699240446090698,0, no,-0.03279459476470947, yes
71,0.7363218665122986,0, no,-0.04994630813598633, yes
72,0.6579566597938538,1, yes,-0.043586790561676025, yes
73,0.7144717574119568,0, no,-0.09140682220458984, yes
74,0.39190927147865295,1, yes,-0.037285685539245605, yes
75,0.7897220849990845,0, no,-0.025799453258514404, yes
76,0.8775928020477295,0, no,-0.060631513595581055, yes
77,0.5087441205978394,1, yes,-0.07053518295288086, yes
78,0.4653759002685547,1, yes,-0.03961127996444702, yes
79,0.9093414545059204,0, no,-0.05293095111846924, yes
80,0.7707241773605347,0, no,-0.04876601696014404, yes
81,0.6873096823692322,1, yes,-0.04117971658706665, yes
82,0.5608562231063843,1, yes,-0.04314696788787842, yes
83,0.5736263990402222,1, yes,-0.04996001720428467, yes
84,0.6455877423286438,1, yes,-0.03263670206069946, yes
85,0.4402332901954651,1, yes,-0.052320629358291626, yes
86,0.6977266669273376,0, no,-0.05236625671386719, yes
87,0.641584038734436,1, yes,-0.046732544898986816, yes
88,0.5631416440010071,1, yes,-0.057864487171173096, yes
89,0.5871760845184326,1, yes,-0.04579967260360718, yes
90,0.6579749584197998,1, yes,-0.04876810312271118, yes
91,0.7269852161407471,0, no,-0.024394094944000244, yes
92,0.587699830532074,1, yes,-0.03093057870864868, yes
93,0.6809929609298706,1, yes,-0.02749454975128174, yes
94,0.5199027061462402,1, yes,-0.040508151054382324, yes
95,0.906207799911499,0, no,-0.04325348138809204, yes
96,0.6356398463249207,1, yes,-0.033363401889801025, yes
97,0.7959797382354736,0, no,-0.044828712940216064, yes
98,0.3425489664077759,1, yes,-0.04253929853439331, yes
99,0.6443793177604675,1, yes,-0.04656893014907837, yes
100,0.787161648273468,0, no,-0.050649285316467285, yes
101,0.8456387519836426,0, no,-0.042157113552093506, yes
102,0.9970412254333496,0, no,-0.058887481689453125, yes
103,0.6415398120880127,1, yes,-0.03814810514450073, yes
104,0.8570495247840881,0, no,-0.04352891445159912, yes
105,0.7936590313911438,0, no,-0.0357094407081604, yes
106,0.5362427830696106,1, yes,-0.06596952676773071, yes
107,0.6223753094673157,1, yes,-0.02675461769104004, yes
108,0.7638300657272339,0, no,-0.0653526782989502, yes
109,0.7969474792480469,0, no,-0.03885990381240845, yes
110,0.7279255986213684,0, no,-0.04340195655822754, yes
111,0.6098520755767822,1, yes,-0.042416393756866455, yes
112,0.4447897672653198,1, yes,-0.06387901306152344, yes
113,0.5141476392745972,1, yes,-0.035761117935180664, yes
114,0.6860371828079224,1, yes,-0.03766763210296631, yes
115,0.749207615852356,0, no,-0.030698060989379883, yes
116,0.6749266386032104,1, yes,-0.042669057846069336, yes
117,0.5119454264640808,1, yes,-0.03173184394836426, yes
118,0.9393595457077026,0, no,-0.035649895668029785, yes
119,0.6518372297286987,1, yes,-0.08184713125228882, yes
120,0.7208912372589111,0, no,-0.059659719467163086, yes
121,0.6006633043289185,1, yes,-0.031012535095214844, yes
122,0.9572868347167969,0, no,-0.05806794762611389, yes
123,0.6777334213256836,1, yes,-0.030390381813049316, yes
124,0.6024290919303894,1, yes,-0.031207025051116943, yes
125,1.056776762008667,0, no,-0.042414724826812744, yes
126,0.6684432029724121,1, yes,-0.05800056457519531, yes
127,0.38844260573387146,1, yes,-0.031227469444274902, yes
128,0.5258095860481262,1, yes,-0.024481475353240967, yes
129,0.6551920771598816,1, yes,-0.057254910469055176, yes
130,0.6385579705238342,1, yes,-0.038581669330596924, yes
131,0.9912329912185669,0, no,-0.055358678102493286, yes
132,0.4126875102519989,1, yes,-0.04932776093482971, yes
133,0.41345494985580444,1, yes,-0.030057281255722046, yes
134,0.5122451782226562,1, yes,-0.0302581787109375, yes
135,0.5695067644119263,1, yes,-0.04294252395629883, yes
136,0.49446994066238403,1, yes,-0.0269966721534729, yes
137,0.6011500358581543,1, yes,-0.03378880023956299, yes
138,0.7282166481018066,0, no,-0.06231313943862915, yes
139,0.5432676076889038,1, yes,-0.07726150751113892, yes
140,0.48960235714912415,1, yes,-0.0640237033367157, yes
141,0.6846330761909485,1, yes,-0.04270046949386597, yes
142,0.6215300559997559,1, yes,-0.04423403739929199, yes
143,0.5652602314949036,1, yes,-0.05212700366973877, yes
144,0.6597734689712524,1, yes,-0.04264199733734131, yes
145,0.4197160303592682,1, yes,-0.021297842264175415, yes
146,0.7005741000175476,0, no,-0.04916936159133911, yes
147,0.7972450256347656,0, no,-0.031988561153411865, yes
148,0.6570329666137695,1, yes,-0.045199692249298096, yes
149,0.8392848372459412,0, no,-0.03359872102737427, yes
150,0.6796712279319763,1, yes,-0.05013853311538696, yes
151,0.4554682970046997,1, yes,-0.03830122947692871, yes
152,0.5921015739440918,1, yes,-0.03997105360031128, yes
153,0.42372530698776245,1, yes,-0.042752474546432495, yes
154,0.6092365980148315,1, yes,-0.030995845794677734, yes
155,0.5785089731216431,1, yes,-0.035519540309906006, yes
156,0.6667172312736511,1, yes,-0.039244890213012695, yes
157,0.7337377071380615,0, no,-0.03151059150695801, yes
158,0.6729738712310791,1, yes,-0.06827163696289062, yes
159,0.6821447610855103,1, yes,-0.04095083475112915, yes
160,0.6020312905311584,1, yes,-0.033049941062927246, yes
161,0.6136234402656555,1, yes,-0.032106757164001465, yes
162,0.5144805908203125,1, yes,-0.03347998857498169, yes
163,0.573177695274353,1, yes,-0.04477149248123169, yes
164,0.8263018131256104,0, no,-0.0378880500793457, yes
165,0.8616992235183716,0, no,-0.04560130834579468, yes
166,0.48013344407081604,1, yes,-0.048094600439071655, yes
167,0.6962236762046814,0, no,-0.085338294506073, yes
168,0.5809400081634521,1, yes,-0.0527992844581604, yes
169,1.0234313011169434,0, no,-0.057270169258117676, yes
170,0.4497435688972473,1, yes,-0.037970930337905884, yes
171,0.43914279341697693,1, yes,-0.051423221826553345, yes
172,0.580321729183197,1, yes,-0.029218018054962158, yes
173,0.7056980729103088,0, no,-0.0686456561088562, yes
174,0.7753503918647766,0, no,-0.040999650955200195, yes
175,0.841882050037384,0, no,-0.055257439613342285, yes
176,0.5519511699676514,1, yes,-0.08688879013061523, yes
177,0.4774746000766754,1, yes,-0.029412120580673218, yes
178,0.5883111357688904,1, yes,-0.03332817554473877, yes
179,0.7002139091491699,0, no,-0.03228574991226196, yes
180,0.5260046720504761,1, yes,-0.0353737473487854, yes
181,0.7452602386474609,0, no,-0.04618102312088013, yes
182,0.7091315388679504,0, no,-0.06613028049468994, yes
183,0.5808391571044922,1, yes,-0.0465618371963501, yes
184,1.1209124326705933,0, no,-0.039494603872299194, yes
185,0.6134153008460999,1, yes,-0.04252368211746216, yes
186,0.4084998667240143,1, yes,-0.041128069162368774, yes
187,0.9051783084869385,0, no,-0.05175673961639404, yes
188,0.5368281006813049,1, yes,-0.02889692783355713, yes
189,0.7356690168380737,0, no,-0.04727131128311157, yes
190,0.5015401840209961,1, yes,-0.02198392152786255, yes
191,0.5154447555541992,1, yes,-0.03867518901824951, yes
192,0.8527604937553406,0, no,-0.043616294860839844, yes
193,0.47455814480781555,1, yes,-0.03961065411567688, yes
194,0.9015048146247864,0, no,-0.041455090045928955, yes
195,0.5168034434318542,1, yes,-0.03645050525665283, yes
196,0.6928191781044006,1, yes,-0.05243957042694092, yes
197,0.8508183360099792,0, no,-0.05383521318435669, yes
198,0.6099496483802795,1, yes,-0.03476494550704956, yes
199,0.7606213688850403,0, no,-0.040818989276885986, yes
200,0.46903863549232483,1, yes,-0.04054579138755798, yes
201,0.5016921758651733,1, yes,-0.04521733522415161, yes
202,0.4945436418056488,1, yes,-0.024469822645187378, yes
203,0.7809838652610779,0, no,-0.037417054176330566, yes
204,0.641409695148468,1, yes,-0.0409092903137207, yes
205,0.6562065482139587,1, yes,-0.0280454158782959, yes
206,0.8523523807525635,0, no,-0.06070590019226074, yes
207,0.6900847554206848,1, yes,-0.04830747842788696, yes
208,0.6868147850036621,1, yes,-0.040003299713134766, yes
209,0.4177519679069519,1, yes,-0.036568403244018555, yes
210,0.5765960812568665,1, yes,-0.04378795623779297, yes
211,0.4979736804962158,1, yes,-0.030899524688720703, yes
212,0.6903824806213379,1, yes,-0.034365296363830566, yes
213,0.5199289917945862,1, yes,-0.07199162244796753, yes
214,0.5661790370941162,1, yes,-0.05461782217025757, yes
215,0.49783456325531006,1, yes,-0.031017184257507324, yes
216,0.5723393559455872,1, yes,-0.0764968991279602, yes
217,0.5603258609771729,1, yes,-0.03758049011230469, yes
218,0.5726369619369507,1, yes,-0.031788647174835205, yes
219,0.7770297527313232,0, no,-0.06964349746704102, yes
220,0.6907382011413574,1, yes,-0.03691524267196655, yes
221,1.0150467157363892,0, no,-0.06050214171409607, yes
222,0.8760147094726562,0, no,-0.036300480365753174, yes
223,0.5128876566886902,1, yes,-0.041825830936431885, yes
224,0.7615746855735779,0, no,-0.058728575706481934, yes
225,0.47197216749191284,1, yes,-0.036751389503479004, yes
226,0.6852866411209106,1, yes,-0.05151480436325073, yes
227,0.8247315883636475,0, no,-0.029304921627044678, yes
228,0.7149782180786133,0, no,-0.03494918346405029, yes
229,0.6472222208976746,1, yes,-0.035871148109436035, yes
230,0.6902892589569092,1, yes,-0.03355085849761963, yes
231,0.7968531250953674,0, no,-0.043304622173309326, yes
232,0.6636177897453308,1, yes,-0.04832029342651367, yes
233,0.6424696445465088,1, yes,-0.03993803262710571, yes
234,0.6267262697219849,1, yes,-0.05087941884994507, yes
235,0.5849193930625916,1, yes,-0.047785043716430664, yes
236,0.897402286529541,0, no,-0.09000533819198608, yes
237,0.9651825428009033,0, no,-0.05271410942077637, yes
238,0.7022067904472351,0, no,-0.044042110443115234, yes
239,0.7060255408287048,0, no,-0.04632449150085449, yes
240,0.5765567421913147,1, yes,-0.04678916931152344, yes
241,0.4832906424999237,1, yes,-0.033639222383499146, yes
242,0.8833857774734497,0, no,-0.038845837116241455, yes
243,0.6770520210266113,1, yes,-0.062386393547058105, yes
244,0.6419155597686768,1, yes,-0.03878849744796753, yes
245,0.7592406868934631,0, no,-0.027642428874969482, yes
246,0.7262158989906311,0, no,-0.04517257213592529, yes
247,0.7497971057891846,0, no,-0.055007100105285645, yes
248,0.36381521821022034,1, yes,-0.04958057403564453, yes
249,0.7046307325363159,0, no,-0.0792236328125, yes
250,0.5566350817680359,1, yes,-0.03197449445724487, yes
251,0.831040620803833,0, no,-0.03136634826660156, yes
252,0.8396944403648376,0, no,-0.03230041265487671, yes
253,0.5827776789665222,1, yes,-0.02840566635131836, yes
254,0.6199246644973755,1, yes,-0.030110597610473633, yes
255,0.5246890187263489,1, yes,-0.04102730751037598, yes
256,0.7210392355918884,0, no,-0.03677421808242798, yes
257,0.5636995434761047,1, yes,-0.0465472936630249, yes
258,0.648493766784668,1, yes,-0.05122649669647217, yes
259,0.6827589273452759,1, yes,-0.03538370132446289, yes
260,0.4675828516483307,1, yes,-0.06801769137382507, yes
261,0.5678415298461914,1, yes,-0.044296205043792725, yes
262,0.8192211389541626,0, no,-0.040821373462677, yes
263,0.6857238411903381,1, yes,-0.030862390995025635, yes
264,0.62159264087677,1, yes,-0.10049974918365479, yes
265,0.836546778678894,0, no,-0.05903500318527222, yes
266,0.6708023548126221,1, yes,-0.0655524730682373, yes
267,0.8437992334365845,0, no,-0.035867154598236084, yes
268,0.40705442428588867,1, yes,-0.06110987067222595, yes
269,0.5160142183303833,1, yes,-0.04477196931838989, yes
270,0.7916524410247803,0, no,-0.0387842059135437, yes
271,0.7965724468231201,0, no,-0.03994119167327881, yes
272,0.8328396677970886,0, no,-0.05182456970214844, yes
273,0.5677059888839722,1, yes,-0.03637343645095825, yes
274,0.7437121868133545,0, no,-0.04409974813461304, yes
275,0.4873277544975281,1, yes,-0.09247958660125732, yes
276,0.8712834119796753,0, no,-0.03487896919250488, yes
277,0.4817020297050476,1, yes,-0.03662431240081787, yes
278,0.6436284780502319,1, yes,-0.04162710905075073, yes
279,0.6709253787994385,1, yes,-0.04560589790344238, yes
280,0.546722412109375,1, yes,-0.04374682903289795, yes
281,0.7404676079750061,0, no,-0.02653646469116211, yes
282,0.6345244646072388,1, yes,-0.023188531398773193, yes
283,0.5400720238685608,1, yes,-0.03456306457519531, yes
284,0.9505094289779663,0, no,-0.04732096195220947, yes
285,0.8087836503982544,0, no,-0.032330453395843506, yes
286,0.5358518362045288,1, yes,-0.03820061683654785, yes
287,0.6487941145896912,1, yes,-0.038480937480926514, yes
288,0.7180067300796509,0, no,-0.06211930513381958, yes
289,0.30273380875587463,1, yes,-0.039516955614089966, yes
290,0.401876837015152,1, yes,-0.03996524214744568, yes
291,0.6108332276344299,1, yes,-0.027295351028442383, yes
292,0.5267845392227173,1, yes,-0.0420723557472229, yes
293,0.5019073486328125,1, yes,-0.05501127243041992, yes
294,0.46349942684173584,1, yes,-0.05252110958099365, yes
295,0.5777477622032166,1, yes,-0.03561669588088989, yes
296,0.4952680468559265,1, yes,-0.018752574920654297, yes
297,0.8180791735649109,0, no,-0.037674903869628906, yes
298,0.6133085489273071,1, yes,-0.0237237811088562, yes
299,0.3310711085796356,1, yes,-0.05828180909156799, yes
300,0.6980313658714294,0, no,-0.036469221115112305, yes
301,0.6328548192977905,1, yes,-0.0740552544593811, yes
302,0.8951769471168518,0, no,-0.06262528896331787, yes
303,0.5779520273208618,1, yes,-0.03886502981185913, yes
304,0.5785894393920898,1, yes,-0.03829127550125122, yes
305,0.5736680030822754,1, yes,-0.030211925506591797, yes
306,0.5104995965957642,1, yes,-0.08746606111526489, yes
307,0.9574220180511475,0, no,-0.03932681679725647, yes
308,0.6385867595672607,1, yes,-0.017314493656158447, yes
309,0.5232110023498535,1, yes,-0.03248101472854614, yes
310,0.5660438537597656,1, yes,-0.039877235889434814, yes
311,0.6776921153068542,1, yes,-0.05279231071472168, yes
312,0.8142379522323608,0, no,-0.029188990592956543, yes
313,0.5362412929534912,1, yes,-0.034735143184661865, yes
314,0.5410972237586975,1, yes,-0.029675602912902832, yes
315,0.5859953165054321,1, yes,-0.036945223808288574, yes
316,0.8302775621414185,0, no,-0.033370256423950195, yes
317,0.4822155237197876,1, yes,-0.024983882904052734, yes
318,0.5540585517883301,1, yes,-0.05208432674407959, yes
319,0.3650473952293396,1, yes,-0.030924677848815918, yes
320,0.7542330622673035,0, no,-0.05648791790008545, yes
321,0.6398047208786011,1, yes,-0.03530538082122803, yes
322,0.6310383081436157,1, yes,-0.03471177816390991, yes
323,0.6338338255882263,1, yes,-0.04186135530471802, yes
324,0.5951088666915894,1, yes,-0.040452420711517334, yes
325,0.7797408103942871,0, no,-0.022512972354888916, yes
326,0.5943444967269897,1, yes,-0.030648887157440186, yes
327,0.5737704038619995,1, yes,-0.04682546854019165, yes
328,0.484731525182724,1, yes,-0.027277082204818726, yes
329,0.4689614474773407,1, yes,-0.06572172045707703, yes
330,0.5344472527503967,1, yes,-0.05630713701248169, yes
331,0.8023614883422852,0, no,-0.03739643096923828, yes
332,0.7790376543998718,0, no,-0.04028290510177612, yes
333,0.43179044127464294,1, yes,-0.03487497568130493, yes
334,0.7128992676734924,0, no,-0.04444324970245361, yes
335,0.675868809223175,1, yes,-0.04287612438201904, yes
336,0.8992224931716919,0, no,-0.03479206562042236, yes
337,0.37573936581611633,1, yes,-0.027446776628494263, yes
338,0.6095630526542664,1, yes,-0.05287504196166992, yes
339,0.572697639465332,1, yes,-0.029321730136871338, yes
340,0.8726063370704651,0, no,-0.02681022882461548, yes
341,0.5802318453788757,1, yes,-0.041877806186676025, yes
342,0.8646821975708008,0, no,-0.03807765245437622, yes
343,0.6365124583244324,1, yes,-0.04039579629898071, yes
344,0.41784176230430603,1, yes,-0.05617144703865051, yes
345,0.6796101331710815,1, yes,-0.03575009107589722, yes
346,0.5520960092544556,1, yes,-0.038727521896362305, yes
347,0.5888559222221375,1, yes,-0.0309104323387146, yes
348,0.9373230934143066,0, no,-0.06547024846076965, yes
349,0.47145506739616394,1, yes,-0.060265034437179565, yes
350,0.5100246071815491,1, yes,-0.024271845817565918, yes
351,0.7357326149940491,0, no,-0.045132458209991455, yes
352,0.7323473691940308,0, no,-0.07458329200744629, yes
353,0.9014595746994019,0, no,-0.0274541974067688, yes
354,0.716585099697113,0, no,-0.03816324472427368, yes
355,0.5757398009300232,1, yes,-0.03256028890609741, yes
356,0.8537347912788391,0, no,-0.04070168733596802, yes
357,0.6698614358901978,1, yes,-0.034043729305267334, yes
358,0.5586879253387451,1, yes,-0.04988062381744385, yes
359,0.6166282296180725,1, yes,-0.040404558181762695, yes
360,0.4640040695667267,1, yes,-0.029679059982299805, yes
361,0.738048791885376,0, no,-0.05662649869918823, yes
362,0.5542289018630981,1, yes,-0.03413933515548706, yes
363,0.588998556137085,1, yes,-0.059839725494384766, yes
364,0.6095534563064575,1, yes,-0.04158812761306763, yes
365,0.4462558925151825,1, yes,-0.02699446678161621, yes
366,0.569293200969696,1, yes,-0.034341633319854736, yes
367,0.6250465512275696,1, yes,-0.055116891860961914, yes
368,0.4961395859718323,1, yes,-0.020596563816070557, yes
369,0.684581995010376,1, yes,-0.058877527713775635, yes
370,0.7023396492004395,0, no,-0.03059762716293335, yes
371,0.6541585326194763,1, yes,-0.08130460977554321, yes
372,0.5874412655830383,1, yes,-0.03572946786880493, yes
373,0.5557717084884644,1, yes,-0.034413158893585205, yes
374,0.6940621733665466,0, no,-0.03190559148788452, yes
375,0.8746597766876221,0, no,-0.04785364866256714, yes
376,0.6021848320960999,1, yes,-0.04117470979690552, yes
377,0.5505569577217102,1, yes,-0.04789918661117554, yes
378,0.7077558040618896,0, no,-0.06667327880859375, yes
379,1.045527696609497,0, no,-0.04813826084136963, yes
380,0.6096161007881165,1, yes,-0.0410953164100647, yes
381,0.603691041469574,1, yes,-0.04845839738845825, yes
382,0.8996919393539429,0, no,-0.03757631778717041, yes
383,0.8808638453483582,0, no,-0.04260146617889404, yes
384,0.4972715377807617,1, yes,-0.03336381912231445, yes
385,0.5737420320510864,1, yes,-0.046933650970458984, yes
386,0.6020269393920898,1, yes,-0.037410199642181396, yes
387,0.6775926351547241,1, yes,-0.05198860168457031, yes
388,0.45010775327682495,1, yes,-0.062420785427093506, yes
389,0.659240186214447,1, yes,-0.04794508218765259, yes
390,0.9392049908638,0, no,-0.03047078847885132, yes
391,0.6634632349014282,1, yes,-0.04130125045776367, yes
392,0.6917149424552917,1, yes,-0.05763864517211914, yes
393,0.5144045352935791,1, yes,-0.056541621685028076, yes
394,0.5222761034965515,1, yes,-0.04186046123504639, yes
395,0.7656826972961426,0, no,-0.04370027780532837, yes
396,0.8187007308006287,0, no,-0.05197787284851074, yes
397,0.7058864235877991,0, no,-0.02993983030319214, yes
398,0.5772674679756165,1, yes,-0.0637131929397583, yes
399,0.7897814512252808,0, no,-0.04707127809524536, yes
400,0.7217165231704712,0, no,-0.040712833404541016, yes
401,0.9619998931884766,0, no,-0.0573420524597168, yes
402,0.575289249420166,1, yes,-0.02910745143890381, yes
403,0.674260139465332,1, yes,-0.0679556131362915, yes
404,0.5206091403961182,1, yes,-0.03367644548416138, yes
405,0.5727218389511108,1, yes,-0.07235932350158691, yes
406,0.6563929319381714,1, yes,-0.040961265563964844, yes
407,0.44875794649124146,1, yes,-0.028148531913757324, yes
408,0.44322922825813293,1, yes,-0.038987159729003906, yes
409,0.5306969285011292,1, yes,-0.057382822036743164, yes
410,0.6097397208213806,1, yes,-0.03231227397918701, yes
411,0.701057493686676,0, no,-0.04867863655090332, yes
412,0.6634151339530945,1, yes,-0.05308878421783447, yes
413,0.7844233512878418,0, no,-0.04953712224960327, yes
414,0.4679349362850189,1, yes,-0.02818828821182251, yes
415,0.7356730103492737,0, no,-0.03887379169464111, yes
416,0.41465967893600464,1, yes,-0.032815247774124146, yes
417,0.6286815404891968,1, yes,-0.03709542751312256, yes
418,0.44695383310317993,1, yes,-0.028786063194274902, yes
419,0.6777381300926208,1, yes,-0.02280324697494507, yes
420,0.8103364109992981,0, no,-0.0697396993637085, yes
421,0.5330682396888733,1, yes,-0.06964898109436035, yes
422,0.5502768754959106,1, yes,-0.0856858491897583, yes
423,0.6466770768165588,1, yes,-0.03161799907684326, yes
424,0.5086855292320251,1, yes,-0.030682623386383057, yes
425,0.610235333442688,1, yes,-0.027585744857788086, yes
426,0.6897321939468384,1, yes,-0.03245741128921509, yes
427,0.5898208022117615,1, yes,-0.05387610197067261, yes
428,0.6919453144073486,1, yes,-0.03436923027038574, yes
429,0.7909225225448608,0, no,-0.035713911056518555, yes
430,0.6610816717147827,1, yes,-0.02516716718673706, yes
431,0.7301273345947266,0, no,-0.045463502407073975, yes
432,0.6516207456588745,1, yes,-0.09044849872589111, yes
433,0.6164824962615967,1, yes,-0.021178781986236572, yes
434,0.8076069355010986,0, no,-0.04694944620132446, yes
435,0.3282231390476227,1, yes,-0.047406524419784546, yes
436,0.5954879522323608,1, yes,-0.056310832500457764, yes
437,0.8064649701118469,0, no,-0.034555017948150635, yes
438,0.6654048562049866,1, yes,-0.03416848182678223, yes
439,0.8511602878570557,0, no,-0.05856448411941528, yes
440,0.7112525701522827,0, no,-0.05415928363800049, yes
441,0.5112854838371277,1, yes,-0.0325126051902771, yes
442,0.42992767691612244,1, yes,-0.03580537438392639, yes
443,0.7041398882865906,0, no,-0.03933703899383545, yes
444,0.7024906873703003,0, no,-0.03030616044998169, yes
445,0.6605210304260254,1, yes,-0.04568380117416382, yes
446,0.5594157576560974,1, yes,-0.039418041706085205, yes
447,0.5243223309516907,1, yes,-0.03182709217071533, yes
448,0.6312918663024902,1, yes,-0.034747540950775146, yes
449,0.43949952721595764,1, yes,-0.04869347810745239, yes
450,0.9839712977409363,0, yes,-0.0631377100944519, no
451,0.6359683275222778,1, no,-0.04352849721908569, no
452,0.8433601260185242,0, yes,-0.06456190347671509, no
453,0.7131152153015137,0, yes,-0.031006991863250732, no
454,1.027129054069519,0, yes,-0.03125247359275818, no
455,0.847603976726532,0, yes,-0.05193454027175903, no
456,1.0650603771209717,0, yes,-0.0575387179851532, no
457,0.9444029331207275,0, yes,-0.0493740439414978, no
458,1.2847397327423096,0, yes,-0.03506338596343994, no
459,0.7845063805580139,0, yes,-0.027662277221679688, no
460,0.6802622079849243,1, no,-0.0431482195854187, no
461,0.5293543338775635,1, no,-0.053615450859069824, no
462,1.2319715023040771,0, yes,-0.0390891432762146, no
463,1.0974392890930176,0, yes,-0.056356728076934814, no
464,0.9073686599731445,0, yes,-0.04117196798324585, no
465,0.8105684518814087,0, yes,-0.04585564136505127, no
466,0.4898468554019928,1, no,-0.03926548361778259, no
467,0.7826123237609863,0, yes,-0.05642986297607422, no
468,0.7350910902023315,0, yes,-0.04842424392700195, no
469,0.7060457468032837,0, yes,-0.043441176414489746, no
470,0.856275737285614,0, yes,-0.036661624908447266, no
471,0.8160465955734253,0, yes,-0.042954444885253906, no
472,0.6803827881813049,1, no,-0.09295511245727539, no
473,0.7032504677772522,0, yes,-0.042813777923583984, no
474,0.8526806235313416,0, yes,-0.03526031970977783, no
475,0.9047057628631592,0, yes,-0.028906166553497314, no
476,1.0003132820129395,0, yes,-0.036948174238204956, no
477,0.9227170944213867,0, yes,-0.0376400351524353, no
478,0.654977560043335,1, no,-0.03965866565704346, no
479,0.7177644371986389,0, yes,-0.04747134447097778, no
480,0.8599178791046143,0, yes,-0.03465050458908081, no
481,1.0404646396636963,0, yes,-0.028284430503845215, no
482,0.4394764006137848,1, no,-0.061660557985305786, no
483,0.747175931930542,0, yes,-0.044706642627716064, no
484,0.8907288908958435,0, yes,-0.040496826171875, no
485,0.6724620461463928,1, no,-0.06643092632293701, no
486,0.7280548810958862,0, yes,-0.04602837562561035, no
487,0.9187504053115845,0, yes,-0.04038304090499878, no
488,1.2540967464447021,0, yes,-0.04909440875053406, no
489,0.5376969575881958,1, no,-0.04420340061187744, no
490,1.1900663375854492,0, yes,-0.02926713228225708, no
491,1.210573673248291,0, yes,-0.029248327016830444, no
492,0.9904787540435791,0, yes,-0.035553574562072754, no
493,0.7347725033760071,0, yes,-0.06561225652694702, no
494,0.8681144714355469,0, yes,-0.0408816933631897, no
495,0.5696609020233154,1, no,-0.04424011707305908, no
496,0.9419687986373901,0, yes,-0.026234537363052368, no
497,0.4414619505405426,1, no,-0.06964072585105896, no
498,0.9633698463439941,0, yes,-0.025293081998825073, no
499,0.6578524112701416,1, no,-0.053550541400909424, no
500,0.7798120975494385,0, yes,-0.045771121978759766, no
501,1.3134372234344482,0, yes,-0.04606267809867859, no
502,0.8016228675842285,0, yes,-0.0355718731880188, no
503,0.8838109374046326,0, yes,-0.02822786569595337, no
504,1.2657264471054077,0, yes,-0.042808860540390015, no
505,0.9873188138008118,0, yes,-0.05300182104110718, no
506,1.130805492401123,0, yes,-0.05685669183731079, no
507,0.8709849715232849,0, yes,-0.038413166999816895, no
508,0.7852293848991394,0, yes,-0.027688562870025635, no
509,0.949080228805542,0, yes,-0.027057617902755737, no
510,0.5168642401695251,1, no,-0.05008131265640259, no
511,0.7132436037063599,0, yes,-0.02765125036239624, no
512,0.5832504034042358,1, no,-0.041178107261657715, no
513,0.8368961215019226,0, yes,-0.03423112630844116, no
514,0.8382062315940857,0, yes,-0.0436091423034668, no
515,0.6767978668212891,1, no,-0.048232197761535645, no
516,0.8096238374710083,0, yes,-0.03908181190490723, no
517,0.889018177986145,0, yes,-0.04594910144805908, no
518,1.1518363952636719,0, yes,-0.048964232206344604, no
519,1.319230556488037,0, yes,-0.025310665369033813, no
520,0.6564158797264099,1, no,-0.047914326190948486, no
521,0.931706964969635,0, yes,-0.03068375587463379, no
522,0.8747475743293762,0, yes,-0.05606609582901001, no
523,0.9068251252174377,0, yes,-0.040484070777893066, no
524,0.7302133440971375,0, yes,-0.05383569002151489, no
525,1.1319360733032227,0, yes,-0.02226799726486206, no
526,0.813977837562561,0, yes,-0.04616934061050415, no
527,0.6813387274742126,1, no,-0.029711365699768066, no
528,0.7928379774093628,0, yes,-0.03588128089904785, no
529,1.1708012819290161,0, yes,-0.02376982569694519, no
530,0.8167436122894287,0, yes,-0.07222706079483032, no
531,0.9517759084701538,0, yes,-0.05195343494415283, no
532,1.021545648574829,0, yes,-0.047634661197662354, no
533,1.1547683477401733,0, yes,-0.02965638041496277, no
534,0.8677005767822266,0, yes,-0.0669780969619751, no
535,1.1183301210403442,0, yes,-0.03941810131072998, no
536,0.7683315873146057,0, yes,-0.046768128871917725, no
537,0.7885968685150146,0, yes,-0.03813362121582031, no
538,0.6507545113563538,1, no,-0.04146915674209595, no
539,0.6458473205566406,1, no,-0.05071723461151123, no
540,0.9844670295715332,0, yes,-0.03687015175819397, no
541,0.6303799152374268,1, no,-0.05392354726791382, no
542,0.8972146511077881,0, yes,-0.0445399284362793, no
543,0.7597216963768005,0, yes,-0.03560978174209595, no
544,0.8324786424636841,0, yes,-0.06402260065078735, no
545,0.8686379790306091,0, yes,-0.04052460193634033, no
546,0.7630947232246399,0, yes,-0.04967719316482544, no
547,0.7229958176612854,0, yes,-0.026960432529449463, no
548,0.9338090419769287,0, yes,-0.049618422985076904, no
549,1.1912397146224976,0, yes,-0.041568636894226074, no
550,1.0502190589904785,0, yes,-0.04150855541229248, no
551,0.6227138638496399,1, no,-0.04047578573226929, no
552,0.7378397583961487,0, yes,-0.05533254146575928, no
553,0.8408858180046082,0, yes,-0.05133157968521118, no
554,0.9967886209487915,0, yes,-0.030184149742126465, no
555,0.5691747665405273,1, no,-0.04098409414291382, no
556,0.6700922846794128,1, no,-0.036357104778289795, no
557,0.5114656090736389,1, no,-0.04816937446594238, no
558,0.7384799122810364,0, yes,-0.041961848735809326, no
559,1.1018412113189697,0, yes,-0.032155126333236694, no
560,0.787311315536499,0, yes,-0.0528489351272583, no
561,1.3674709796905518,0, yes,-0.0418030321598053, no
562,0.7946635484695435,0, yes,-0.04610186815261841, no
563,0.5569404363632202,1, no,-0.05491608381271362, no
564,0.6901970505714417,1, no,-0.052348434925079346, no
565,0.7644791603088379,0, yes,-0.028575539588928223, no
566,0.8534380793571472,0, yes,-0.034148573875427246, no
567,0.8754616379737854,0, yes,-0.058688342571258545, no
568,1.3760762214660645,0, yes,-0.05327332019805908, no
569,0.631216824054718,1, no,-0.059678733348846436, no
570,1.0165858268737793,0, yes,-0.05591064691543579, no
571,0.8695262670516968,0, yes,-0.03697305917739868, no
572,1.0820928812026978,0, yes,-0.03816214203834534, no
573,0.8747509121894836,0, yes,-0.02502608299255371, no
574,0.6389613747596741,1, no,-0.049327313899993896, no
575,0.8528797626495361,0, yes,-0.041590750217437744, no
576,0.9593856334686279,0, yes,-0.02885499596595764, no
577,1.1542524099349976,0, yes,-0.045908182859420776, no
578,0.6771111488342285,1, no,-0.04850625991821289, no
579,0.6706737875938416,1, no,-0.034812211990356445, no
580,0.6787346601486206,1, no,-0.05913609266281128, no
581,1.0353281497955322,0, yes,-0.03238263726234436, no
582,0.8854908347129822,0, yes,-0.03488844633102417, no
583,1.160151720046997,0, yes,-0.05600255727767944, no
584,0.7864396572113037,0, yes,-0.042626917362213135, no
585,0.7895336151123047,0, yes,-0.02814769744873047, no
586,0.5019118785858154,1, no,-0.06027764081954956, no
587,0.6151083111763,1, no,-0.03264307975769043, no
588,0.7629949450492859,0, yes,-0.0305938720703125, no
589,0.7032080292701721,0, yes,-0.07857948541641235, no
590,1.0799793004989624,0, yes,-0.027836710214614868, no
591,1.124476671218872,0, yes,-0.03197571635246277, no
592,1.008991003036499,0, yes,-0.07662379741668701, no
593,1.2001053094863892,0, yes,-0.053692787885665894, no
594,0.8442025184631348,0, yes,-0.04255741834640503, no
595,0.7173611521720886,0, yes,-0.04583477973937988, no
596,1.1634552478790283,0, yes,-0.02847161889076233, no
597,0.8421653509140015,0, yes,-0.034111976623535156, no
598,0.7992032170295715,0, yes,-0.19507497549057007, no
599,1.086647629737854,0, yes,-0.056649237871170044, no
600,1.0131006240844727,0, yes,-0.03786709904670715, no
601,1.2073689699172974,0, yes,-0.03444334864616394, no
602,0.6438140869140625,1, no,-0.07511436939239502, no
603,0.6320251822471619,1, no,-0.043942034244537354, no
604,0.8748442530632019,0, yes,-0.04009604454040527, no
605,0.9780138731002808,0, yes,-0.06043335795402527, no
606,0.8624870777130127,0, yes,-0.03435242176055908, no
607,0.5953578948974609,1, no,-0.03567814826965332, no
608,1.0494256019592285,0, yes,-0.04156142473220825, no
609,0.9886717200279236,0, yes,-0.07439476251602173, no
610,0.7829229831695557,0, yes,-0.0327722430229187, no
611,0.8217740654945374,0, yes,-0.043100953102111816, no
612,0.8722621202468872,0, yes,-0.04174584150314331, no
613,0.8539779782295227,0, yes,-0.03925877809524536, no
614,0.8936378955841064,0, yes,-0.04135829210281372, no
615,0.775010883808136,0, yes,-0.02348959445953369, no
616,0.9489083290100098,0, yes,-0.05661904811859131, no
617,0.7007249593734741,0, yes,-0.05374675989151001, no
618,1.1891705989837646,0, yes,-0.023427248001098633, no
619,0.8808380365371704,0, yes,-0.05438506603240967, no
620,0.7472301721572876,0, yes,-0.034053027629852295, no
621,1.184006690979004,0, yes,-0.03957197070121765, no
622,0.7789014577865601,0, yes,-0.04840254783630371, no
623,0.7147776484489441,0, yes,-0.07680857181549072, no
624,0.5753300786018372,1, no,-0.05735516548156738, no
625,0.8456843495368958,0, yes,-0.05862438678741455, no
626,0.785368800163269,0, yes,-0.27064716815948486, no
627,0.7317958474159241,0, yes,-0.08671307563781738, no
628,0.8922276496887207,0, yes,-0.0395161509513855, no
629,0.666076123714447,1, no,-0.029170453548431396, no
630,0.89242023229599,0, yes,-0.029499948024749756, no
631,1.2191998958587646,0, yes,-0.037891685962677, no
632,0.8044753074645996,0, yes,-0.07368314266204834, no
633,0.8800051808357239,0, yes,-0.03864103555679321, no
634,1.0718629360198975,0, yes,-0.03495931625366211, no
635,0.8179619908332825,0, yes,-0.050036489963531494, no
636,0.6014112234115601,1, no,-0.05949258804321289, no
637,0.7916659712791443,0, yes,-0.0685921311378479, no
638,0.7018094062805176,0, yes,-0.0683063268661499, no
639,0.7922826409339905,0, yes,-0.051216065883636475, no
640,0.8371004462242126,0, yes,-0.02968430519104004, no
641,0.8210421204566956,0, yes,-0.042183101177215576, no
642,0.6142736673355103,1, no,-0.053418874740600586, no
643,0.6815083622932434,1, no,-0.03931325674057007, no
644,0.8124033808708191,0, yes,-0.0412251353263855, no
645,0.9245696663856506,0, yes,-0.041561007499694824, no
646,0.685984194278717,1, no,-0.049757957458496094, no
647,0.8308349847793579,0, yes,-0.044077515602111816, no
648,0.73771733045578,0, yes,-0.043024539947509766, no
649,0.9281907081604004,0, yes,-0.044655442237854004, no
650,1.3522461652755737,0, yes,-0.04535844922065735, no
651,0.8406168818473816,0, yes,-0.026710152626037598, no
652,0.970604419708252,0, yes,-0.030468255281448364, no
653,0.9171566367149353,0, yes,-0.03381985425949097, no
654,0.7200391292572021,0, yes,-0.032590627670288086, no
655,0.8971220254898071,0, yes,-0.03838145732879639, no
656,0.9638192653656006,0, yes,-0.03623208403587341, no
657,0.7907640933990479,0, yes,-0.05069321393966675, no
658,0.5202098488807678,1, no,-0.04519528150558472, no
659,0.887533962726593,0, yes,-0.044915199279785156, no
660,0.9298363924026489,0, yes,-0.058468520641326904, no
661,1.1231776475906372,0, yes,-0.028003454208374023, no
662,0.8961880803108215,0, yes,-0.02926415205001831, no
663,1.0859589576721191,0, yes,-0.024743616580963135, no
664,0.7381035685539246,0, yes,-0.0727229118347168, no
665,0.67295241355896,1, no,-0.04395848512649536, no
666,0.8196595907211304,0, yes,-0.055621445178985596, no
667,0.9683111906051636,0, yes,-0.03789219260215759, no
668,0.6759756207466125,1, no,-0.05251973867416382, no
669,1.1002345085144043,0, yes,-0.053029388189315796, no
670,0.7783070802688599,0, yes,-0.046902239322662354, no
671,1.0437140464782715,0, yes,-0.06427329778671265, no
672,0.7682292461395264,0, yes,-0.03493809700012207, no
673,1.1567966938018799,0, yes,-0.059244751930236816, no
674,0.7079832553863525,0, yes,-0.04603290557861328, no
675,0.8861678242683411,0, yes,-0.022883296012878418, no
676,0.8698619604110718,0, yes,-0.048406362533569336, no
677,0.5375288724899292,1, no,-0.0423884391784668, no
678,0.8774401545524597,0, yes,-0.030199885368347168, no
679,0.8337389826774597,0, yes,-0.049105167388916016, no
680,0.9494953155517578,0, yes,-0.04486289620399475, no
681,0.8259170055389404,0, yes,-0.07519489526748657, no
682,0.5466686487197876,1, no,-0.05262887477874756, no
683,0.6107757091522217,1, no,-0.033141374588012695, no
684,0.9228480458259583,0, yes,-0.03645437955856323, no
685,0.9501970410346985,0, yes,-0.03614121675491333, no
686,0.9552857875823975,0, yes,-0.06087601184844971, no
687,0.7589321732521057,0, yes,-0.036325037479400635, no
688,0.7297222018241882,0, yes,-0.05377316474914551, no
689,0.5782886147499084,1, no,-0.036588191986083984, no
690,0.854404091835022,0, yes,-0.04861032962799072, no
691,0.8114447593688965,0, yes,-0.05294644832611084, no
692,1.2422304153442383,0, yes,-0.04528456926345825, no
693,1.2684160470962524,0, yes,-0.033131033182144165, no
694,1.289849042892456,0, yes,-0.030297160148620605, no
695,0.994055449962616,0, yes,-0.05705791711807251, no
696,0.780411958694458,0, yes,-0.0398637056350708, no
697,0.5600134134292603,1, no,-0.0475916862487793, no
698,0.8362495303153992,0, yes,-0.03201138973236084, no
699,1.1582969427108765,0, yes,-0.026586472988128662, no
700,1.0222818851470947,0, yes,-0.05202358961105347, no
701,1.1347217559814453,0, yes,-0.03252246975898743, no
702,0.8500917553901672,0, yes,-0.03397488594055176, no
703,0.9730539321899414,0, yes,-0.061260730028152466, no
704,0.7750643491744995,0, yes,-0.04202789068222046, no
705,0.788663387298584,0, yes,-0.030362188816070557, no
706,1.012522578239441,0, yes,-0.04796913266181946, no
707,0.9829157590866089,0, yes,-0.03403171896934509, no
708,1.0568664073944092,0, yes,-0.03405129909515381, no
709,1.0407569408416748,0, yes,-0.055108994245529175, no
710,1.0245544910430908,0, yes,-0.020912528038024902, no
711,0.9023810625076294,0, yes,-0.05450469255447388, no
712,0.7529176473617554,0, yes,-0.04760855436325073, no
713,0.8169501423835754,0, yes,-0.027429282665252686, no
714,0.7846068739891052,0, yes,-0.05821728706359863, no
715,0.868594765663147,0, yes,-0.04068940877914429, no
716,0.7266610860824585,0, yes,-0.04036903381347656, no
717,0.5562736392021179,1, no,-0.04535013437271118, no
718,0.9117799401283264,0, yes,-0.028456687927246094, no
719,1.0248799324035645,0, yes,-0.042910635471343994, no
720,0.7029017806053162,0, yes,-0.04444873332977295, no
721,0.9935339689254761,0, yes,-0.04514145851135254, no
722,1.083990216255188,0, yes,-0.025061309337615967, no
723,0.6022271513938904,1, no,-0.06453180313110352, no
724,1.270289421081543,0, yes,-0.05482545495033264, no
725,0.86725914478302,0, yes,-0.04492419958114624, no
726,0.475827157497406,1, no,-0.045928239822387695, no
727,0.6998366117477417,0, yes,-0.043775200843811035, no
728,0.8340227603912354,0, yes,-0.06785410642623901, no
729,1.0263051986694336,0, yes,-0.03701189160346985, no
730,1.0616886615753174,0, yes,-0.03807675838470459, no
731,0.6831469535827637,1, no,-0.040685296058654785, no
732,0.9434323310852051,0, yes,-0.06516674160957336, no
733,0.6574169993400574,1, no,-0.04083138704299927, no
734,0.5744526982307434,1, no,-0.031061947345733643, no
735,1.1146368980407715,0, yes,-0.04250714182853699, no
736,0.7727100849151611,0, yes,-0.04164397716522217, no
737,0.770956814289093,0, yes,-0.05749034881591797, no
738,0.9770264625549316,0, yes,-0.025958865880966187, no
739,0.8425800800323486,0, yes,-0.05852508544921875, no
740,1.013044834136963,0, yes,-0.05423623323440552, no
741,0.8541280031204224,0, yes,-0.0501287579536438, no
742,0.7517679333686829,0, yes,-0.05887198448181152, no
743,0.7397425174713135,0, yes,-0.03833889961242676, no
744,0.6729533076286316,1, no,-0.0504908561706543, no
745,0.8774535059928894,0, yes,-0.058703839778900146, no
746,1.1180604696273804,0, yes,-0.0395275354385376, no
747,0.8180515766143799,0, yes,-0.040564894676208496, no
748,1.079246163368225,0, yes,-0.032919347286224365, no
749,0.7593674659729004,0, yes,-0.052374958992004395, no
750,0.7458357214927673,0, yes,-0.03681212663650513, no
751,0.5624890327453613,1, no,-0.041204750537872314, no
752,0.8483803272247314,0, yes,-0.04360860586166382, no
753,0.9573315382003784,0, yes,-0.048493146896362305, no
754,1.0073895454406738,0, yes,-0.05166584253311157, no
755,0.7048805952072144,0, yes,-0.05935543775558472, no
756,0.9091854095458984,0, yes,-0.04420793056488037, no
757,1.0525505542755127,0, yes,-0.040551066398620605, no
758,1.0049643516540527,0, yes,-0.019562095403671265, no
759,0.8875629901885986,0, yes,-0.03126293420791626, no
760,1.1791727542877197,0, yes,-0.05063062906265259, no
761,0.9919661283493042,0, yes,-0.05370485782623291, no
762,0.944591760635376,0, yes,-0.045105546712875366, no
763,1.0045971870422363,0, yes,-0.06713303923606873, no
764,0.721257746219635,0, yes,-0.04222846031188965, no
765,1.1312408447265625,0, yes,-0.03798174858093262, no
766,0.6487603783607483,1, no,-0.03039991855621338, no
767,1.1572073698043823,0, yes,-0.022025644779205322, no
768,0.8944675922393799,0, yes,-0.03413194417953491, no
769,1.0059468746185303,0, yes,-0.033508509397506714, no
770,1.0663906335830688,0, yes,-0.02013501524925232, no
771,1.2026447057724,0, yes,-0.03172123432159424, no
772,0.9702099561691284,0, yes,-0.03712347149848938, no
773,0.6823183298110962,1, no,-0.046079933643341064, no
774,1.1073801517486572,0, yes,-0.03064143657684326, no
775,0.8646226525306702,0, yes,-0.03215193748474121, no
776,1.2279287576675415,0, yes,-0.04889756441116333, no
777,0.992183268070221,0, yes,-0.022381722927093506, no
778,0.7387380003929138,0, yes,-0.07095223665237427, no
779,0.7872053980827332,0, yes,-0.0387842059135437, no
780,0.879565417766571,0, yes,-0.07363647222518921, no
781,0.8303980827331543,0, yes,-0.04751121997833252, no
782,0.7594790458679199,0, yes,-0.04760706424713135, no
783,1.0142685174942017,0, yes,-0.03718051314353943, no
784,1.122157335281372,0, yes,-0.0513400137424469, no
785,0.8618192076683044,0, yes,-0.02265000343322754, no
786,0.9765578508377075,0, yes,-0.039267659187316895, no
787,0.6514599919319153,1, no,-0.04250222444534302, no
788,0.8785794377326965,0, yes,-0.03258877992630005, no
789,0.5128233432769775,1, no,-0.05985140800476074, no
790,0.8441286087036133,0, yes,-0.03951895236968994, no
791,0.881973385810852,0, yes,-0.026957392692565918, no
792,0.9987692832946777,0, yes,-0.03009355068206787, no
793,1.0039540529251099,0, yes,-0.031344592571258545, no
794,0.8515374660491943,0, yes,-0.03042590618133545, no
795,1.134539246559143,0, yes,-0.03195953369140625, no
796,0.49981963634490967,1, no,-0.053174614906311035, no
797,0.9639608860015869,0, yes,-0.06302681565284729, no
798,0.7601633667945862,0, yes,-0.052480995655059814, no
799,0.9850919842720032,0, yes,-0.033662617206573486, no
800,0.9419025182723999,0, yes,-0.07675662636756897, no
801,0.9008806347846985,0, yes,-0.04635262489318848, no
802,1.1803604364395142,0, yes,-0.03453746438026428, no
803,0.8898025155067444,0, yes,-0.05037879943847656, no
804,1.0536844730377197,0, yes,-0.059283822774887085, no
805,1.361586332321167,0, yes,-0.02505895495414734, no
806,0.6143401861190796,1, no,-0.03089529275894165, no
807,0.7801147699356079,0, yes,-0.042526185512542725, no
808,0.6626719236373901,1, no,-0.029776275157928467, no
809,0.8671020865440369,0, yes,-0.04113566875457764, no
810,0.6371799111366272,1, no,-0.05539822578430176, no
811,0.929097592830658,0, yes,-0.05509471893310547, no
812,0.5961617231369019,1, no,-0.05967521667480469, no
813,1.0276641845703125,0, yes,-0.03553861379623413, no
814,0.5381200313568115,1, no,-0.047539710998535156, no
815,0.9235276579856873,0, yes,-0.034191250801086426, no
816,0.9022437930107117,0, yes,-0.05827486515045166, no
817,1.2699408531188965,0, yes,-0.05223160982131958, no
818,1.0316038131713867,0, yes,-0.04136064648628235, no
819,1.102653980255127,0, yes,-0.03939440846443176, no
820,0.550653874874115,1, no,-0.041944921016693115, no
821,0.8617762923240662,0, yes,-0.04816406965255737, no
822,0.650639533996582,1, no,-0.047886013984680176, no
823,0.47867047786712646,1, no,-0.051356375217437744, no
824,1.0402772426605225,0, yes,-0.05805701017379761, no
825,1.2408946752548218,0, yes,-0.02216428518295288, no
826,0.872189998626709,0, yes,-0.06891220808029175, no
827,0.8617916703224182,0, yes,-0.02485555410385132, no
828,0.9884572625160217,0, yes,-0.030905455350875854, no
829,0.9969750642776489,0, yes,-0.058721184730529785, no
830,1.0671075582504272,0, yes,-0.059251487255096436, no
831,0.8747775554656982,0, yes,-0.05440729856491089, no
832,0.6185845732688904,1, no,-0.054818570613861084, no
833,0.8133884072303772,0, yes,-0.0557330846786499, no
834,0.7488718032836914,0, yes,-0.04003548622131348, no
835,0.7260613441467285,0, yes,-0.05951613187789917, no
836,1.08748197555542,0, yes,-0.042126864194869995, no
837,0.5304408669471741,1, no,-0.04191380739212036, no
838,0.9165122509002686,0, yes,-0.039381325244903564, no
839,1.1356161832809448,0, yes,-0.04331842064857483, no
840,0.8770402669906616,0, yes,-0.07293826341629028, no
841,0.8626567721366882,0, yes,-0.0319027304649353, no
842,0.7492387890815735,0, yes,-0.043766915798187256, no
843,0.7528126835823059,0, yes,-0.03999006748199463, no
844,0.7661960124969482,0, yes,-0.03283047676086426, no
845,0.9427929520606995,0, yes,-0.0308571457862854, no
846,1.029167652130127,0, yes,-0.0320509672164917, no
847,1.0292277336120605,0, yes,-0.030196040868759155, no
848,0.8385679125785828,0, yes,-0.045859336853027344, no
849,1.1977899074554443,0, yes,-0.03968009352684021, no
850,0.8130804896354675,0, yes,-0.04358649253845215, no
851,1.1026155948638916,0, yes,-0.02589210867881775, no
852,1.045344591140747,0, yes,-0.02446955442428589, no
853,1.2693469524383545,0, yes,-0.04027858376502991, no
854,1.1985902786254883,0, yes,-0.029946833848953247, no
855,1.0533827543258667,0, yes,-0.03567260503768921, no
856,0.7009517550468445,0, yes,-0.05097389221191406, no
857,0.9802501797676086,0, yes,-0.036277592182159424, no
858,0.9249011874198914,0, yes,-0.02734196186065674, no
859,0.4494085907936096,1, no,-0.03739726543426514, no
860,0.7098012566566467,0, yes,-0.0254058837890625, no
861,0.5729913115501404,1, no,-0.041047632694244385, no
862,0.8807107210159302,0, yes,-0.04778367280960083, no
863,0.9126130938529968,0, yes,-0.04151028394699097, no
864,0.8260143995285034,0, yes,-0.048950016498565674, no
865,0.7293499112129211,0, yes,-0.037539899349212646, no
866,0.9056849479675293,0, yes,-0.037981390953063965, no
867,0.6810890436172485,1, no,-0.22745484113693237, no
868,0.8887957334518433,0, yes,-0.03590083122253418, no
869,1.1365716457366943,0, yes,-0.039912521839141846, no
870,0.8123472332954407,0, yes,-0.08716434240341187, no
871,0.9127752780914307,0, yes,-0.03522700071334839, no
872,1.0463776588439941,0, yes,-0.028845548629760742, no
873,0.9838757514953613,0, yes,-0.03535568714141846, no
874,0.6390036344528198,1, no,-0.03679454326629639, no
875,0.9062304496765137,0, yes,-0.06194406747817993, no
876,0.496838241815567,1, no,-0.058865100145339966, no
877,0.9267991185188293,0, yes,-0.03598344326019287, no
878,1.2196379899978638,0, yes,-0.05029645562171936, no
879,1.0843663215637207,0, yes,-0.03597673773765564, no
880,1.0590778589248657,0, yes,-0.03965643048286438, no
881,0.47885122895240784,1, no,-0.049432188272476196, no
882,0.6260559558868408,1, no,-0.03061753511428833, no
883,0.9894107580184937,0, yes,-0.027534425258636475, no
884,0.892021656036377,0, yes,-0.08145272731781006, no
885,0.7511733770370483,0, yes,-0.06580042839050293, no
886,0.7426519989967346,0, yes,-0.04030972719192505, no
887,0.7660744786262512,0, yes,-0.06619405746459961, no
888,0.558879017829895,1, no,-0.03914332389831543, no
889,0.7667708396911621,0, yes,-0.035613417625427246, no
890,0.6695550084114075,1, no,-0.04908102750778198, no
891,0.9420047998428345,0, yes,-0.028201699256896973, no
892,0.943749189376831,0, yes,-0.036251574754714966, no
893,1.0413566827774048,0, yes,-0.03933584690093994, no
894,0.8058158159255981,0, yes,-0.04132908582687378, no
895,0.9332372546195984,0, yes,-0.06150186061859131, no
896,0.6757066249847412,1, no,-0.037194788455963135, no
897,1.0525418519973755,0, yes,-0.0528489351272583, no
898,0.7063993215560913,0, yes,-0.04877394437789917, no
899,1.1001580953598022,0, yes,-0.041052281856536865, no
