,loss,correct,predicted,total_logprob,ground_truth,user_belief,user_belief_idx,user_belief_matches_predicted
0,0.6652839779853821,1, true,-0.0018482208251953125, true, false,1,False
1,0.18091881275177002,1, true,-0.0022054463624954224, true, false,1,False
2,0.0628017857670784,1, true,-0.0002530589699745178, true, true,0,True
3,0.0750339925289154,1, true,-0.0021303147077560425, true, true,0,True
4,0.011165871284902096,1, true,0.0005118893459439278, true, true,0,True
5,1.546592116355896,0, false,0.0009330213069915771, true, true,0,False
6,0.013885563239455223,1, true,-0.000791831873357296, true, true,0,True
7,0.7923433780670166,0, false,0.005620419979095459, true, true,0,False
8,0.0402715727686882,1, true,-0.001263737678527832, true, true,0,True
9,0.6560121178627014,1, true,0.005087852478027344, true, false,1,False
10,1.8788304328918457,0, false,-0.007769748568534851, true, true,0,False
11,0.07157978415489197,1, true,0.0008051320910453796, true, true,0,True
12,6.253520965576172,0, false,-0.0007270241621881723, true, false,1,True
13,0.06669854372739792,1, true,0.011312641203403473, true, false,1,False
14,1.9548609256744385,0, false,-0.00663188099861145, true, true,0,False
15,0.8887234926223755,0, false,0.019823431968688965, true, false,1,True
16,0.010591131635010242,1, true,-0.00042401254177093506, true, true,0,True
17,2.785360097885132,0, false,-0.0018947571516036987, true, false,1,True
18,0.01500533428043127,1, true,3.750808537006378e-05, true, true,0,True
19,0.020690441131591797,1, true,-0.00030472129583358765, true, true,0,True
20,2.8498551845550537,0, false,0.00031087175011634827, true, false,1,True
21,2.2193405628204346,0, false,-0.008816584944725037, true, true,0,False
22,0.0013052048161625862,1, true,-8.975574746727943e-05, true, false,1,False
23,0.010924176312983036,1, true,4.9921683967113495e-05, true, false,1,False
24,0.1090853214263916,1, true,-0.0031358078122138977, true, false,1,False
25,0.0026027634739875793,1, true,-0.0002943035215139389, true, false,1,False
26,0.0005136600811965764,1, true,-3.903900505974889e-05, true, true,0,True
27,0.030881354585289955,1, true,-0.0007426273077726364, true, false,1,False
28,0.5178618431091309,1, true,0.0067694783210754395, true, true,0,True
29,0.09810132533311844,1, true,0.002246938645839691, true, false,1,False
30,0.16735589504241943,1, true,-0.0014498084783554077, true, false,1,False
31,5.125868119648658e-05,1, true,-1.903008160297759e-05, true, true,0,True
32,0.010333252139389515,1, true,-2.1665357053279877e-05, true, true,0,True
33,3.2441630363464355,0, false,-0.0013340041041374207, true, false,1,True
34,0.04858914390206337,1, true,-0.0013884715735912323, true, true,0,True
35,0.024471940472722054,1, true,-0.0007713120430707932, true, true,0,True
36,0.0012178155593574047,1, true,-0.00022244895808398724, true, false,1,False
37,0.06426506489515305,1, true,-0.0030747950077056885, true, false,1,False
38,0.6140074133872986,1, true,0.010622978210449219, true, false,1,False
39,0.05597933009266853,1, true,-0.0020943209528923035, true, true,0,True
40,0.800601065158844,0, false,0.0035886764526367188, true, false,1,True
41,0.019125690683722496,1, true,-0.00039812736213207245, true, false,1,False
42,0.14423468708992004,1, true,-0.010369077324867249, true, true,0,True
43,0.0048155286349356174,1, true,-0.0001872815191745758, true, true,0,True
44,0.0010671879863366485,1, true,-0.00020870007574558258, true, true,0,True
45,0.6225189566612244,1, true,-0.013173282146453857, true, false,1,False
46,0.00069165148306638,1, true,-0.00010469695553183556, true, true,0,True
47,1.3390403985977173,0, false,0.0009447038173675537, true, true,0,False
48,0.02972160279750824,1, true,-0.0009468980133533478, true, true,0,True
49,0.07353789359331131,1, true,0.002572000026702881, true, false,1,False
50,0.0010754045797511935,1, true,-9.05581982806325e-05, true, true,0,True
51,0.8939062356948853,0, false,-0.025738954544067383, true, false,1,True
52,0.0389094240963459,1, true,-0.0005807913839817047, true, true,0,True
53,0.050523847341537476,1, true,0.004125911742448807, true, false,1,False
54,0.0046065873466432095,1, true,-2.716435119509697e-05, true, false,1,False
55,0.027586637064814568,1, true,0.0001370999962091446, true, false,1,False
56,0.05759003013372421,1, true,-0.0016504600644111633, true, true,0,True
57,0.0578882098197937,1, true,-0.0053000301122665405, true, true,0,True
58,3.357982873916626,0, false,0.0002665519714355469, true, false,1,True
59,0.07176809012889862,1, true,-0.0020182132720947266, true, true,0,True
60,0.7283133864402771,0, false,0.005524635314941406, true, true,0,False
61,0.0007116645574569702,1, true,-0.00015173637075349689, true, true,0,True
62,0.3873455226421356,1, true,0.0027640461921691895, true, true,0,True
63,0.03321758657693863,1, true,-0.0006614960730075836, true, true,0,True
64,5.107521057128906,0, false,7.677031680941582e-05, true, false,1,True
65,0.06749847531318665,1, true,0.0013555735349655151, true, false,1,False
66,0.04001310467720032,1, true,-0.0004848763346672058, true, true,0,True
67,0.02911991812288761,1, true,0.0005264952778816223, true, true,0,True
68,5.019731521606445,0, false,-4.403013736009598e-05, true, false,1,True
69,0.02787836454808712,1, true,-0.0008576046675443649, true, true,0,True
70,0.00451640086248517,1, true,-0.00011747097596526146, true, true,0,True
71,0.7812843918800354,0, false,0.011808931827545166, true, true,0,False
72,3.6595301628112793,0, false,0.00022467225790023804, true, false,1,True
73,0.017426002770662308,1, true,-0.0011047404259443283, true, false,1,False
74,0.027385417371988297,1, true,-0.0008761230856180191, true, true,0,True
75,0.07765225321054459,1, true,0.00045652687549591064, true, true,0,True
76,0.37324976921081543,1, true,0.007681697607040405, true, true,0,True
77,0.05771865323185921,1, true,-0.000428028404712677, true, false,1,False
78,3.356370449066162,0, false,-0.003802705556154251, true, false,1,True
79,0.44575610756874084,1, true,0.008693337440490723, true, false,1,False
80,0.047682106494903564,1, true,0.0011478662490844727, true, true,0,True
81,3.7012343406677246,0, false,-0.00047408975660800934, true, false,1,True
82,2.741574764251709,0, false,0.0013016685843467712, true, false,1,True
83,0.16958317160606384,1, true,0.005100905895233154, true, false,1,False
84,0.17963966727256775,1, true,-0.011307522654533386, true, false,1,False
85,4.565335750579834,0, false,6.527267396450043e-05, true, false,1,True
86,1.252897024154663,0, false,0.007236510515213013, true, false,1,True
87,0.2107412964105606,1, true,0.005675807595252991, true, false,1,False
88,0.001780949649401009,1, true,-7.251999340951443e-05, true, true,0,True
89,0.0005610798834823072,1, true,-0.0002951610367745161, true, true,0,True
90,0.016807377338409424,1, true,0.00018073990941047668, true, true,0,True
91,7.171682834625244,0, false,-0.000647126289550215, true, false,1,True
92,0.037200678139925,1, true,-0.0017823949456214905, true, true,0,True
93,0.968432605266571,0, false,-0.0027300119400024414, true, false,1,True
94,0.025488706305623055,1, true,-0.0016121193766593933, true, false,1,False
95,0.014439377933740616,1, true,-0.000201360322535038, true, false,1,False
96,2.165090322494507,0, false,0.001203089952468872, true, false,1,True
97,0.10351994633674622,1, true,-0.00028668344020843506, true, true,0,True
98,0.05328644812107086,1, true,-0.0001550614833831787, true, true,0,True
99,0.3514951467514038,1, true,0.004367530345916748, true, false,1,False
100,0.007408407516777515,1, true,-0.00018691597506403923, true, false,1,False
101,0.000582525331992656,1, true,-6.106612272560596e-05, true, true,0,True
102,0.16349469125270844,1, true,-0.0013241767883300781, true, true,0,True
103,0.004324133507907391,1, true,-0.0003539915196597576, true, false,1,False
104,0.028817782178521156,1, true,-0.0007571429014205933, true, true,0,True
105,0.06688007712364197,1, true,-0.0003246888518333435, true, true,0,True
106,1.310080885887146,0, false,-0.028542041778564453, true, false,1,True
107,0.6025020480155945,1, true,-0.008416354656219482, true, false,1,False
108,2.5813140869140625,0, false,-0.007693186402320862, true, false,1,True
109,0.06352642178535461,1, true,-0.00015477091073989868, true, true,0,True
110,0.0011528043542057276,1, true,-0.00015226926188915968, true, true,0,True
111,1.1329333782196045,0, false,0.009975075721740723, true, true,0,False
112,0.008342891931533813,1, true,-9.407289326190948e-05, true, false,1,False
113,0.04384206607937813,1, true,-0.0012874342501163483, true, true,0,True
114,0.049280233681201935,1, true,-0.003858692944049835, true, false,1,False
115,0.024605242535471916,1, true,-1.628883183002472e-05, true, true,0,True
116,0.008725847117602825,1, true,-0.0009030792862176895, true, true,0,True
117,0.016486603766679764,1, true,-0.0003558676689863205, true, true,0,True
118,0.07666213065385818,1, true,-0.0018574520945549011, true, true,0,True
119,0.04347860440611839,1, true,0.0010970532894134521, true, true,0,True
120,0.0007525234250351787,1, true,-1.4357967302203178e-05, true, false,1,False
121,2.774613380432129,0, false,-0.0037551075220108032, true, true,0,False
122,0.02881801314651966,1, true,-0.0005983449518680573, true, true,0,True
123,0.3286972939968109,1, true,-0.008050888776779175, true, false,1,False
124,1.1373982429504395,0, false,-0.004968553781509399, true, false,1,True
125,0.361695259809494,1, true,-0.0072141289710998535, true, true,0,True
126,0.03350432962179184,1, true,-0.0006275847554206848, true, true,0,True
127,0.001551615772768855,1, true,4.798523150384426e-06, true, true,0,True
128,1.2561578750610352,0, false,0.0042915940284729, true, false,1,True
129,0.14802682399749756,1, true,-0.0009461194276809692, true, false,1,False
130,0.07750874012708664,1, true,0.0028264373540878296, true, true,0,True
131,0.006792076397687197,1, true,-0.0003602299839258194, true, true,0,True
132,0.002564001362770796,1, true,-0.00013336515985429287, true, true,0,True
133,0.005534800700843334,1, true,-0.00027961889281868935, true, false,1,False
134,0.011074270121753216,1, true,-0.0009207827970385551, true, true,0,True
135,1.6619943380355835,0, false,0.004137396812438965, true, true,0,False
136,0.03099704720079899,1, true,-0.0009556692093610764, true, true,0,True
137,0.3912462890148163,1, true,-0.010925471782684326, true, true,0,True
138,0.002042233245447278,1, true,-0.0003034137189388275, true, true,0,True
139,1.3187777996063232,0, false,0.0025298595428466797, true, false,1,True
140,2.786266803741455,0, false,-0.0047468990087509155, true, false,1,True
141,0.003973091021180153,1, true,3.767991438508034e-05, true, true,0,True
142,0.030559631064534187,1, true,0.00037151016294956207, true, false,1,False
143,6.050841808319092,0, false,-0.00033185980282723904, true, false,1,True
144,0.05864609032869339,1, true,-0.001050163060426712, true, true,0,True
145,0.02825530245900154,1, true,-0.0011937133967876434, true, true,0,True
146,2.637913227081299,0, false,0.0033735111355781555, true, false,1,True
147,0.004737581126391888,1, true,-0.0002499539405107498, true, true,0,True
148,0.0011606630869209766,1, true,-0.00017604301683604717, true, true,0,True
149,0.05197587609291077,1, true,0.0002751871943473816, true, true,0,True
150,6.941314697265625,0, false,-0.0003750444739125669, true, false,1,True
151,0.006661588791757822,1, true,-0.0003525931388139725, true, false,1,False
152,0.008435334078967571,1, true,-0.00017205625772476196, true, false,1,False
153,2.4332423210144043,0, false,-0.00010085850954055786, true, false,1,True
154,2.3268280029296875,0, false,-0.00037048012018203735, true, false,1,True
155,0.002507163677364588,1, true,-0.00019151880405843258, true, true,0,True
156,0.03437824174761772,1, true,-0.004361983388662338, true, false,1,False
157,0.28435376286506653,1, true,-0.011945605278015137, true, false,1,False
158,0.007085908204317093,1, true,-0.00040882034227252007, true, true,0,True
159,0.24084821343421936,1, true,-0.001936405897140503, true, true,0,True
160,2.425657272338867,0, false,0.00045774877071380615, true, false,1,True
161,1.9791779518127441,0, false,-0.004796609282493591, true, false,1,True
162,0.034598443657159805,1, true,0.00024095922708511353, true, true,0,True
163,3.421341896057129,0, false,-0.0019167326390743256, true, false,1,True
164,0.010856609791517258,1, true,0.00035328418016433716, true, true,0,True
165,0.6685929298400879,1, true,0.005179703235626221, true, false,1,False
166,3.0092315673828125,0, false,-0.0019970983266830444, true, true,0,False
167,2.579099178314209,0, false,0.01268603652715683, true, false,1,True
168,1.8343675136566162,0, false,0.0010253489017486572, true, false,1,True
169,5.865880489349365,0, false,-0.0002611023373901844, true, false,1,True
170,0.8464949131011963,0, false,-0.006241738796234131, true, false,1,True
171,0.01487626601010561,1, true,-0.0007570711895823479, true, false,1,False
172,0.19631975889205933,1, true,-0.0007105916738510132, true, false,1,False
173,0.1562407910823822,1, true,0.0024742931127548218, true, false,1,False
174,4.854102611541748,0, false,-0.00035462435334920883, true, false,1,True
175,0.3177630305290222,1, true,-0.0006861984729766846, true, false,1,False
176,0.7329869866371155,0, false,0.0018331408500671387, true, true,0,False
177,1.3822779655456543,0, false,-0.003682374954223633, true, true,0,False
178,4.984644412994385,0, false,-0.0006094900891184807, true, false,1,True
179,0.6826053857803345,1, true,0.0029866695404052734, true, true,0,True
180,0.21442867815494537,1, true,0.0002777278423309326, true, false,1,False
181,0.000726197671610862,1, true,-9.932118700817227e-05, true, false,1,False
182,0.6806789040565491,1, true,-0.015225052833557129, true, false,1,False
183,0.09024541825056076,1, true,-0.0024117007851600647, true, false,1,False
184,2.217611312866211,0, false,-0.004076048731803894, true, false,1,True
185,0.12373760342597961,1, true,-0.006013691425323486, true, true,0,True
186,5.2569914259947836e-05,1, true,-3.3694697776809335e-05, true, true,0,True
187,0.0003573255962692201,1, true,-2.297709579579532e-05, true, true,0,True
188,0.14362801611423492,1, true,-0.003751114010810852, true, false,1,False
189,0.07731809467077255,1, true,0.005531869828701019, true, false,1,False
190,0.14805066585540771,1, true,0.0026077330112457275, true, false,1,False
191,2.80379581451416,0, false,-0.0032500624656677246, true, false,1,True
192,0.022837718948721886,1, true,-0.0017878469079732895, true, true,0,True
193,0.0014100857079029083,1, true,-0.00020944513380527496, true, true,0,True
194,0.07679008692502975,1, true,-0.001641303300857544, true, true,0,True
195,0.05688484385609627,1, true,-0.0012582354247570038, true, true,0,True
196,0.6521528363227844,1, true,0.003409445285797119, true, false,1,False
197,0.040063727647066116,1, true,-0.0014393366873264313, true, true,0,True
198,0.592953622341156,1, true,-0.024010181427001953, true, false,1,False
199,0.0015428080223500729,1, true,-0.0002145232865586877, true, true,0,True
200,0.000271521887043491,1, true,-6.704367115162313e-05, true, true,0,True
201,0.0050407941453158855,1, true,-0.00020339898765087128, true, true,0,True
202,0.2838956117630005,1, true,-0.02877873182296753, true, false,1,False
203,0.005051468964666128,1, true,-0.0002136947587132454, true, true,0,True
204,3.219923257827759,0, false,0.0007260441780090332, true, false,1,True
205,3.434182643890381,0, false,0.0051446594297885895, true, false,1,True
206,0.1249091848731041,1, true,-0.0020428672432899475, true, true,0,True
207,0.6913101077079773,1, true,0.0038812756538391113, true, false,1,False
208,0.7696729898452759,0, false,0.00011354684829711914, true, true,0,False
209,0.0012954423436895013,1, true,-0.00024946476332843304, true, true,0,True
210,0.001327705685980618,1, true,-7.841549813747406e-05, true, false,1,False
211,0.1834370642900467,1, true,0.008178934454917908, true, true,0,True
212,1.0401034355163574,0, false,0.025513887405395508, true, false,1,True
213,0.23655080795288086,1, true,-0.019781142473220825, true, false,1,False
214,0.30033689737319946,1, true,0.0014609992504119873, true, true,0,True
215,0.07322938740253448,1, true,-0.0024798959493637085, true, true,0,True
216,0.522807776927948,1, true,0.04364287853240967, true, false,1,False
217,0.06052117049694061,1, true,-0.00014259666204452515, true, true,0,True
218,0.2988632619380951,1, true,-0.0022839605808258057, true, false,1,False
219,0.06845775246620178,1, true,-0.0013691633939743042, true, true,0,True
220,4.644583702087402,0, false,-0.0021285954862833023, true, false,1,True
221,0.2776355743408203,1, true,0.00746232271194458, true, false,1,False
222,0.03684237599372864,1, true,-0.00043259188532829285, true, true,0,True
223,0.5787464380264282,1, true,-0.0008372068405151367, true, true,0,True
224,4.0048651695251465,0, false,-0.0001612342894077301, true, false,1,True
225,0.0004377598816063255,1, true,-0.00018310776795260608, true, true,0,True
226,0.049550384283065796,1, true,0.001739557832479477, true, true,0,True
227,0.5691338181495667,1, true,0.009968459606170654, true, false,1,False
228,0.06583201140165329,1, true,-0.0011628568172454834, true, true,0,True
229,0.023578263819217682,1, true,-0.00041534192860126495, true, true,0,True
230,0.0014316319720819592,1, true,-0.00013196084182709455, true, false,1,False
231,0.15891118347644806,1, true,-0.002831205725669861, true, false,1,False
232,0.13354593515396118,1, true,0.007592529058456421, true, false,1,False
233,0.1940477341413498,1, true,-0.001516968011856079, true, true,0,True
234,0.4718915522098541,1, true,0.011833667755126953, true, false,1,False
235,0.004225611686706543,1, true,-0.00046083657070994377, true, true,0,True
236,0.6558545231819153,1, true,0.0027586817741394043, true, false,1,False
237,0.0017133570509031415,1, true,-0.0001473983284085989, true, false,1,False
238,4.684692859649658,0, false,-0.0006830943748354912, true, false,1,True
239,2.4224259853363037,0, false,-0.0007804036140441895, true, true,0,False
240,0.00021789084712509066,1, true,-0.00012949803203810006, true, true,0,True
241,0.47728466987609863,1, true,0.0044668614864349365, true, false,1,False
242,0.07966908812522888,1, true,-0.001885630190372467, true, true,0,True
243,0.03719769045710564,1, true,-0.00044434890151023865, true, true,0,True
244,0.02990303374826908,1, true,-0.0016060378402471542, true, true,0,True
245,1.8128695487976074,0, false,-0.003484562039375305, true, false,1,True
246,0.05855772644281387,1, true,0.00036992132663726807, true, false,1,False
247,0.36054274439811707,1, true,-0.02424079179763794, true, true,0,True
248,1.2322808504104614,0, false,-0.011015504598617554, true, false,1,True
249,0.11867442727088928,1, true,0.0004282519221305847, true, false,1,False
250,0.0004408579843584448,1, true,5.2800169214606285e-06, true, false,1,False
251,0.021112585440278053,1, true,0.00041983462870121, true, true,0,True
252,0.007292674854397774,1, true,-1.3327226042747498e-05, true, false,1,False
253,0.03246095031499863,1, true,0.0007168762385845184, true, true,0,True
254,0.20378130674362183,1, true,-0.004795551300048828, true, false,1,False
255,2.0836641788482666,0, false,0.0033509433269500732, true, false,1,True
256,0.006097879726439714,1, true,-0.00047168275341391563, true, true,0,True
257,0.13362959027290344,1, true,-0.0096539705991745, true, true,0,True
258,0.0035151378251612186,1, true,-0.00012303399853408337, true, false,1,False
259,1.5495774745941162,0, false,-0.0007453858852386475, true, false,1,True
260,0.014192597009241581,1, true,-0.0005771005526185036, true, true,0,True
261,0.43741562962532043,1, true,0.007464617490768433, true, false,1,False
262,0.025923002511262894,1, true,0.00012522563338279724, true, true,0,True
263,1.563045620918274,0, false,-0.0007887929677963257, true, true,0,False
264,0.0029681934975087643,1, true,-0.0002780368085950613, true, true,0,True
265,2.816962242126465,0, false,-0.0003853440284729004, true, false,1,True
266,0.0005880056996829808,1, true,-0.0002414517803117633, true, true,0,True
267,0.27454981207847595,1, true,-0.006061524152755737, true, true,0,True
268,0.00573939923197031,1, true,-0.0006853402592241764, true, true,0,True
269,0.0066996002569794655,1, true,-0.000688300933688879, true, true,0,True
270,0.06131282448768616,1, true,-0.0010818131268024445, true, false,1,False
271,0.02353890798985958,1, true,-0.0002618543803691864, true, true,0,True
272,0.49803823232650757,1, true,0.0036690831184387207, true, false,1,False
273,0.009123895317316055,1, true,-0.0001452118158340454, true, false,1,False
274,0.7200514078140259,0, false,-8.481740951538086e-05, true, true,0,False
275,0.026111161336302757,1, true,-0.00037002749741077423, true, true,0,True
276,5.613707065582275,0, false,-0.00026196823455393314, true, false,1,True
277,0.19794760644435883,1, true,0.007046803832054138, true, false,1,False
278,0.40608638525009155,1, true,0.005995064973831177, true, true,0,True
279,0.19350984692573547,1, true,0.0009928345680236816, true, false,1,False
280,0.019515763968229294,1, true,-0.0006825737655162811, true, true,0,True
281,0.8032253384590149,0, false,0.007059872150421143, true, true,0,False
282,0.50948566198349,1, true,-0.0035979151725769043, true, true,0,True
283,0.010625691153109074,1, true,-0.0006177034229040146, true, true,0,True
284,0.7817668914794922,0, false,-0.005409300327301025, true, false,1,True
285,0.017576411366462708,1, true,-0.0006933938711881638, true, true,0,True
286,0.7431862354278564,0, false,-0.0003401041030883789, true, true,0,False
287,0.008382021449506283,1, true,0.0001801149919629097, true, false,1,False
288,1.2510201930999756,0, false,0.014589935541152954, true, false,1,True
289,0.21663889288902283,1, true,0.009719178080558777, true, false,1,False
290,0.005638290662318468,1, true,-4.5260414481163025e-05, true, true,0,True
291,2.4558520317077637,0, false,-0.005779445171356201, true, false,1,True
292,0.19939997792243958,1, true,0.006421253085136414, true, true,0,True
293,0.0014631766825914383,1, true,-0.00029033422470092773, true, true,0,True
294,1.3549292087554932,0, false,-0.01502642035484314, true, false,1,True
295,0.03588447719812393,1, true,-1.8130987882614136e-05, true, true,0,True
296,3.826535701751709,0, false,-0.0006429068744182587, true, false,1,True
297,0.0033233908470720053,1, true,-0.00031406315974891186, true, true,0,True
298,0.014937220141291618,1, true,-0.00023742951452732086, true, false,1,False
299,0.15505044162273407,1, true,-0.00022949278354644775, true, false,1,False
300,0.029355982318520546,1, true,-0.0010842829942703247, true, true,0,True
301,0.004998686723411083,1, true,-8.56565311551094e-05, true, true,0,True
302,0.35959017276763916,1, true,-0.00010412931442260742, true, true,0,True
303,0.004915652796626091,1, true,-0.0006410637870430946, true, false,1,False
304,0.004264309536665678,1, true,-0.0002921978011727333, true, true,0,True
305,0.10129854083061218,1, true,0.0023137927055358887, true, true,0,True
306,4.661386489868164,0, false,0.00010030996054410934, true, true,0,False
307,0.010113424621522427,1, true,-0.0005907407030463219, true, true,0,True
308,0.035677097737789154,1, true,-0.0014199502766132355, true, true,0,True
309,0.40149959921836853,1, true,0.0004964172840118408, true, false,1,False
310,0.1592589169740677,1, true,-0.002713605761528015, true, false,1,False
311,0.10289257019758224,1, true,0.0036182403564453125, true, true,0,True
312,0.0012931802775710821,1, true,-0.00046236184425652027, true, true,0,True
313,0.008076154626905918,1, true,-0.00024029891937971115, true, false,1,False
314,0.10172611474990845,1, true,-0.00021626055240631104, true, false,1,False
315,0.4318828582763672,1, true,0.0007696449756622314, true, false,1,False
316,0.1698673665523529,1, true,0.001166999340057373, true, false,1,False
317,5.476667404174805,0, false,-0.00022067222744226456, true, false,1,True
318,0.03997931629419327,1, true,-0.003487955778837204, true, true,0,True
319,0.9589905738830566,0, false,0.005074292421340942, true, false,1,True
320,0.1477016806602478,1, true,-0.011900708079338074, true, false,1,False
321,0.012355807237327099,1, true,-0.0003039361909031868, true, true,0,True
322,0.22318808734416962,1, true,0.01349988579750061, true, false,1,False
323,0.17242279648780823,1, true,-0.0008339434862136841, true, true,0,True
324,0.010594080202281475,1, true,-0.000872432254254818, true, true,0,True
325,1.175939917564392,0, false,-0.008835852146148682, true, true,0,False
326,0.630731463432312,1, true,-0.0008242130279541016, true, false,1,False
327,2.9916107654571533,0, false,-0.0030663833022117615, true, true,0,False
328,0.0019921474158763885,1, true,-8.492381311953068e-05, true, true,0,True
329,0.0037149244453758,1, true,-6.090803071856499e-05, true, true,0,True
330,6.7271728515625,0, false,-0.0009048235369846225, true, false,1,True
331,0.08785410970449448,1, true,0.0004430711269378662, true, true,0,True
332,0.027017200365662575,1, true,-0.001318288967013359, true, true,0,True
333,0.1670147031545639,1, true,-0.0018663108348846436, true, false,1,False
334,0.42312854528427124,1, true,0.007267415523529053, true, false,1,False
335,0.09490741044282913,1, true,0.0009043365716934204, true, true,0,True
336,0.09973163902759552,1, true,0.0029241442680358887, true, true,0,True
337,0.030782409012317657,1, true,6.166286766529083e-05, true, true,0,True
338,0.5614557862281799,1, true,0.0004957318305969238, true, true,0,True
339,0.74322110414505,0, false,0.007133543491363525, true, false,1,True
340,0.012951892800629139,1, true,-0.00048214104026556015, true, true,0,True
341,0.009256424382328987,1, true,-0.0003825519233942032, true, true,0,True
342,0.006958181504160166,1, true,-0.00034463778138160706, true, true,0,True
343,0.10347254574298859,1, true,-0.0054876357316970825, true, true,0,True
344,0.00019214690837543458,1, true,-8.423022518400103e-05, true, true,0,True
345,0.503878653049469,1, true,-0.030754685401916504, true, false,1,False
346,1.1103672981262207,0, false,-0.0021126866340637207, true, false,1,True
347,0.1289251297712326,1, true,0.0006909221410751343, true, false,1,False
348,0.057355135679244995,1, true,-0.000833805650472641, true, true,0,True
349,0.019142532721161842,1, true,-0.000777585431933403, true, false,1,False
350,0.7020737528800964,0, false,0.00020259618759155273, true, false,1,True
351,0.0012191252317279577,1, true,-0.00013494864106178284, true, true,0,True
352,5.6559739112854,0, false,-0.0004265797324478626, true, false,1,True
353,1.1033456325531006,0, false,0.0020714402198791504, true, false,1,True
354,0.8949726819992065,0, false,0.026466399431228638, true, false,1,True
355,0.3158510625362396,1, true,0.004410922527313232, true, true,0,True
356,5.124344348907471,0, false,-0.0008598128333687782, true, false,1,True
357,0.018302952870726585,1, true,-0.0005088392645120621, true, true,0,True
358,0.02793922647833824,1, true,0.0009794887155294418, true, true,0,True
359,0.14023149013519287,1, true,0.0018553584814071655, true, true,0,True
360,4.467113971710205,0, false,-0.0004962040111422539, true, false,1,True
361,0.1673905849456787,1, true,-0.012695282697677612, true, false,1,False
362,0.025173265486955643,1, true,-0.0018266383558511734, true, true,0,True
363,0.3972366750240326,1, true,-0.0018011629581451416, true, false,1,False
364,0.021228129044175148,1, true,-0.00020045600831508636, true, true,0,True
365,2.021038293838501,0, false,0.00502447783946991, true, false,1,True
366,0.004801885224878788,1, true,-8.208490908145905e-05, true, false,1,False
367,0.0048047322779893875,1, true,-0.0004269983619451523, true, true,0,True
368,0.39447078108787537,1, true,0.015519559383392334, true, false,1,False
369,1.3422505855560303,0, false,-0.0059163570404052734, true, false,1,True
370,0.181379497051239,1, true,-0.002156004309654236, true, false,1,False
371,0.02293325774371624,1, true,8.288770914077759e-07, true, true,0,True
372,0.001029200037010014,1, true,-6.808165926486254e-05, true, true,0,True
373,0.15408974885940552,1, true,0.007683873176574707, true, false,1,False
374,0.932273805141449,0, false,0.0022617578506469727, true, false,1,True
375,4.157839298248291,0, false,-0.0005651265382766724, true, false,1,True
376,3.3600447177886963,0, false,-0.0005506500601768494, true, false,1,True
377,0.06486206501722336,1, true,-0.0035895705223083496, true, true,0,True
378,3.185638189315796,0, false,-4.2557716369628906e-05, true, false,1,True
379,0.08723954856395721,1, true,-0.001831941306591034, true, false,1,False
380,0.15967297554016113,1, true,-0.0002864748239517212, true, false,1,False
381,1.749874234199524,0, false,-0.0031680911779403687, true, true,0,False
382,0.013410956598818302,1, true,0.00021376647055149078, true, true,0,True
383,1.2871731519699097,0, false,0.00671735405921936, true, false,1,True
384,0.006253556348383427,1, true,-0.00026920856907963753, true, false,1,False
385,2.6373395919799805,0, false,0.0027720555663108826, true, false,1,True
386,0.003067908575758338,1, true,0.0001966047566384077, true, false,1,False
387,0.0015301911626011133,1, true,-0.0002992735244333744, true, true,0,True
388,0.08184466511011124,1, true,-0.0014140531420707703, true, false,1,False
389,0.013498345389962196,1, true,-0.0001995377242565155, true, true,0,True
390,0.03938480466604233,1, true,0.0010716356337070465, true, true,0,True
391,1.561930537223816,0, false,-0.005870059132575989, true, false,1,True
392,0.004830832593142986,1, true,-0.0006150677800178528, true, true,0,True
393,0.21255040168762207,1, true,-0.001520007848739624, true, false,1,False
394,3.4414451122283936,0, false,-0.003045927733182907, true, false,1,True
395,4.648387432098389,0, false,-0.0008168695494532585, true, true,0,False
396,0.17324115335941315,1, true,-0.001355975866317749, true, false,1,False
397,0.04264608398079872,1, true,-0.0011303238570690155, true, true,0,True
398,0.22981205582618713,1, true,-0.009946763515472412, true, false,1,False
399,0.02216332033276558,1, true,0.0002234485000371933, true, false,1,False
400,4.940406322479248,0, false,-0.0016134907491505146, true, true,0,False
401,0.9786339998245239,0, false,-0.0013774335384368896, true, false,1,True
402,0.23457536101341248,1, true,0.007639691233634949, true, false,1,False
403,3.544044017791748,0, false,0.0005689263343811035, true, false,1,True
404,0.0022442173212766647,1, true,-0.0003289037849754095, true, false,1,False
405,6.107051372528076,0, false,-9.807595051825047e-05, true, false,1,True
406,0.020261576399207115,1, true,-1.1876225471496582e-05, true, false,1,False
407,2.2470626831054688,0, false,0.004279538989067078, true, false,1,True
408,0.2820598781108856,1, true,0.0009458363056182861, true, true,0,True
409,0.02075582928955555,1, true,0.0013392213732004166, true, true,0,True
410,0.04080353304743767,1, true,-0.001987714320421219, true, true,0,True
411,0.02371017076075077,1, true,-0.001627100631594658, true, true,0,True
412,0.005840379279106855,1, true,-0.0006457911804318428, true, true,0,True
413,4.455995082855225,0, false,-0.001427103765308857, true, false,1,True
414,0.0017127619357779622,1, true,-0.00017098488751798868, true, true,0,True
415,0.7024056911468506,0, false,0.009015798568725586, true, true,0,False
416,2.6727261543273926,0, false,-0.005512215197086334, true, false,1,True
417,0.02654983103275299,1, true,0.00011460483074188232, true, false,1,False
418,0.007095495704561472,1, true,-0.00026922719553112984, true, true,0,True
419,0.30203041434288025,1, true,0.011417180299758911, true, false,1,False
420,0.038333550095558167,1, true,-0.00014437362551689148, true, false,1,False
421,0.10638175159692764,1, true,-0.00044552236795425415, true, true,0,True
422,0.09015064686536789,1, true,0.0060483962297439575, true, true,0,True
423,0.45085930824279785,1, true,-0.0045385658740997314, true, true,0,True
424,3.3884027004241943,0, false,0.0022051557898521423, true, false,1,True
425,0.2447970062494278,1, true,0.010402411222457886, true, false,1,False
426,0.16650041937828064,1, true,0.0008461326360702515, true, true,0,True
427,0.003784638363867998,1, true,-0.0003113369457423687, true, true,0,True
428,0.0053327688947319984,1, true,0.000176234170794487, true, true,0,True
429,0.05119457095861435,1, true,-0.003227226436138153, true, false,1,False
430,0.011261354200541973,1, true,-0.0005119126290082932, true, true,0,True
431,2.689423084259033,0, false,0.0013849660754203796, true, false,1,True
432,0.6953253746032715,0, false,-0.015118420124053955, true, false,1,True
433,3.8608648777008057,0, false,-0.000735599547624588, true, false,1,True
434,0.007099283393472433,1, true,-9.702891111373901e-05, true, true,0,True
435,5.54981803894043,0, false,-0.0005185154732316732, true, false,1,True
436,0.016834571957588196,1, true,-0.002110971137881279, true, true,0,True
437,0.362626314163208,1, true,-0.004315793514251709, true, false,1,False
438,0.017211126163601875,1, true,-0.000667031854391098, true, true,0,True
439,0.011494246311485767,1, true,-0.00037479493767023087, true, true,0,True
440,0.02127714455127716,1, true,-0.00014139153063297272, true, true,0,True
441,0.2694064676761627,1, true,-0.0016476213932037354, true, false,1,False
442,0.02381039969623089,1, true,-0.0005595982074737549, true, false,1,False
443,1.8740507364273071,0, false,-0.004756808280944824, true, false,1,True
444,0.2126890867948532,1, true,0.004331037402153015, true, true,0,True
445,0.009127911180257797,1, true,0.0002518109977245331, true, false,1,False
446,0.07824396342039108,1, true,-0.0030329450964927673, true, false,1,False
447,0.02093130350112915,1, true,-0.0009019523859024048, true, true,0,True
448,0.016871847212314606,1, true,0.00022551044821739197, true, true,0,True
449,0.004928227048367262,1, true,-0.0003933846019208431, true, true,0,True
450,0.00025996167096309364,1, false,-9.100724128074944e-05, false, false,1,True
451,0.0002454218047205359,1, false,-0.0004068784473929554, false, false,1,True
452,2.166236162185669,0, true,-0.002168431878089905, false, true,0,True
453,0.7647421956062317,0, true,-0.006901681423187256, false, true,0,True
454,0.002855392638593912,1, false,-0.00033361115492880344, false, false,1,True
455,0.00021717573690693825,1, false,-0.00042259914334863424, false, false,1,True
456,0.0010488491971045732,1, false,-0.0003384716110303998, false, true,0,False
457,0.0034633437171578407,1, false,-0.0004840940237045288, false, true,0,False
458,6.198863957251888e-06,1, false,-4.0723120037000626e-05, false, false,1,True
459,0.404896080493927,1, false,-0.007507622241973877, false, true,0,False
460,7.033323527139146e-06,1, false,-5.3959978686179966e-05, false, false,1,True
461,0.08703774213790894,1, false,-0.0040334537625312805, false, true,0,False
462,0.34031325578689575,1, false,-0.002016425132751465, false, true,0,False
463,0.018276501446962357,1, false,-0.001452891156077385, false, true,0,False
464,0.7469332814216614,0, true,-0.006107211112976074, false, true,0,True
465,0.00034814971149899065,1, false,-0.00014318226021714509, false, false,1,True
466,0.0005169962532818317,1, false,-0.00029038789216428995, false, true,0,False
467,3.93382906622719e-05,1, false,-0.0002613649412523955, false, false,1,True
468,0.09327409416437149,1, false,-0.009529054164886475, false, true,0,False
469,1.7523612768854946e-05,1, false,-0.00012847018660977483, false, false,1,True
470,8.344646857949556e-07,1, false,-6.182400829857215e-05, false, false,1,True
471,2.8729025871143676e-05,1, false,-9.032173693412915e-05, false, true,0,False
472,4.0649541915627196e-05,1, false,-0.0001539889199193567, false, true,0,False
473,0.0004164305282756686,1, false,-0.00014616845874115825, false, false,1,True
474,7.724463648628443e-05,1, false,-0.0001971068704733625, false, false,1,True
475,0.0021784401033073664,1, false,-0.0009145382791757584, false, true,0,False
476,0.0006450717919506133,1, false,-0.00016469834372401237, false, false,1,True
477,8.308542601298541e-05,1, false,-0.00017158819537144154, false, false,1,True
478,0.015219627879559994,1, false,-0.001486525870859623, false, true,0,False
479,9.059865078597795e-06,1, false,-9.890260844258592e-05, false, false,1,True
480,0.02767696976661682,1, false,3.921613097190857e-05, false, true,0,False
481,4.339123915997334e-05,1, false,-0.00011595676187425852, false, false,1,True
482,8.344646857949556e-07,1, false,-3.404650487937033e-05, false, false,1,True
483,4.768370445162873e-07,1, false,-3.4404132748022676e-05, false, false,1,True
484,0.011838064529001713,1, false,0.00035515427589416504, false, true,0,False
485,0.0009583409409970045,1, false,-0.00033383932895958424, false, false,1,True
486,8.583032467868179e-06,1, false,-8.769698615651578e-05, false, false,1,True
487,8.344646857949556e-07,1, false,-0.00010080901120090857, false, false,1,True
488,0.007466624025255442,1, false,-0.00016581593081355095, false, false,1,True
489,0.02503899298608303,1, false,0.0002913009375333786, false, true,0,False
490,0.19042934477329254,1, false,-0.004332691431045532, false, true,0,False
491,0.00783406663686037,1, false,0.0002124984748661518, false, false,1,True
492,0.0001677133986959234,1, false,-0.0002110376808559522, false, false,1,True
493,1.5616295058862306e-05,1, false,-0.0001083220195141621, false, false,1,True
494,0.00013219437096267939,1, false,-0.00017446925630792975, false, false,1,True
495,2.3331193923950195,0, true,0.0029804259538650513, false, true,0,True
496,0.004270956851541996,1, false,-0.00016304757446050644, false, true,0,False
497,9.536738616588991e-07,1, false,-0.00014026991266291589, false, false,1,True
498,2.1815061700181104e-05,1, false,-0.00015100631571840495, false, false,1,True
499,0.00013743886665906757,1, false,-0.00018198667385149747, false, false,1,True
500,0.3316422998905182,1, false,0.0013313591480255127, false, true,0,False
501,3.6000557884108275e-05,1, false,-6.588227552128956e-05, false, false,1,True
502,1.1444026313256472e-05,1, false,-0.0002358368074055761, false, false,1,True
503,0.00011324241495458409,1, false,-7.98481996753253e-05, false, false,1,True
504,0.0005023409612476826,1, false,-0.00013731379294767976, false, true,0,False
505,2.2747035026550293,0, true,-0.0026760101318359375, false, true,0,True
506,0.1697097271680832,1, false,-0.0013210773468017578, false, true,0,False
507,2.8490614567999728e-05,1, false,-0.00020317386952228844, false, false,1,True
508,0.0006659197388216853,1, false,-0.00025403581093996763, false, false,1,True
509,2.238551616668701,0, true,-0.0028603747487068176, false, true,0,True
510,0.00011514954530866817,1, false,-0.00017625163309276104, false, true,0,False
511,0.0010993395699188113,1, false,-0.00024142616894096136, false, false,1,True
512,0.31648826599121094,1, false,-0.009570211172103882, false, true,0,False
513,4.1483970562694594e-05,1, false,-5.539115591091104e-05, false, false,1,True
514,0.36677223443984985,1, false,-0.013347864151000977, false, true,0,False
515,2.4914430468925275e-05,1, false,-0.000172826272319071, false, false,1,True
516,0.0012171011185273528,1, false,-0.00025897659361362457, false, true,0,False
517,0.0003883084573317319,1, false,-0.00024293691967613995, false, false,1,True
518,1.4835200309753418,0, true,-0.00096169114112854, false, true,0,True
519,0.042316239327192307,1, false,0.001756124198436737, false, true,0,False
520,3.576278118089249e-07,1, false,-4.751802407554351e-05, false, false,1,True
521,0.012599511072039604,1, false,0.000725884921848774, false, true,0,False
522,0.1240072250366211,1, false,-0.0021559298038482666, false, true,0,False
523,0.004212910309433937,1, false,-0.00014087138697504997, false, false,1,True
524,0.09199274331331253,1, false,0.0021912306547164917, false, false,1,True
525,0.0005192600074224174,1, false,-0.0002303811488673091, false, true,0,False
526,1.2025597095489502,0, true,-0.003396451473236084, false, true,0,True
527,0.0031655936036258936,1, false,-0.00011466466821730137, false, true,0,False
528,1.074559211730957,0, true,-0.012884825468063354, false, true,0,True
529,0.0023356794845312834,1, false,-0.0002053522039204836, false, true,0,False
530,0.001193526084534824,1, false,-0.00024351512547582388, false, true,0,False
531,0.0012807984603568912,1, false,-0.0003173000877723098, false, false,1,True
532,3.4689302992774174e-05,1, false,-8.97248974069953e-05, false, false,1,True
533,3.766942609217949e-05,1, false,-0.00022332508524414152, false, false,1,True
534,0.00019464982324279845,1, false,-0.00017122391727752984, false, true,0,False
535,1.5504648685455322,0, true,-0.0008107870817184448, false, true,0,True
536,2.4499003887176514,0, true,-0.0013125240802764893, false, true,0,True
537,0.24931126832962036,1, false,0.005469068884849548, false, true,0,False
538,8.583032467868179e-06,1, false,-0.00015565345529466867, false, false,1,True
539,0.0005142558366060257,1, false,-0.0001756796264089644, false, false,1,True
540,0.0004953111056238413,1, false,-0.0005425408016890287, false, false,1,True
541,1.615097999572754,0, true,0.0036277472972869873, false, true,0,True
542,6.246371776796877e-05,1, false,-0.0006546719232574105, false, true,0,False
543,0.0001805857609724626,1, false,-0.00034354825038462877, false, true,0,False
544,0.029403211548924446,1, false,0.0003546569496393204, false, true,0,False
545,0.1927076280117035,1, false,-0.003939568996429443, false, false,1,True
546,0.0058169132098555565,1, false,-0.0007966910488903522, false, true,0,False
547,0.3159288465976715,1, false,0.00261881947517395, false, true,0,False
548,0.0001250427303602919,1, false,-0.00034369213972240686, false, true,0,False
549,0.0003992714046034962,1, false,-0.00014436405035667121, false, false,1,True
550,3.6867496967315674,0, true,-0.0006510000675916672, false, true,0,True
551,0.004465607926249504,1, false,-0.0008673877455294132, false, true,0,False
552,0.0334111787378788,1, false,-0.002179037779569626, false, true,0,False
553,8.821448318485636e-06,1, false,-9.556569420965388e-05, false, false,1,True
554,0.20064249634742737,1, false,-0.013215795159339905, false, true,0,False
555,7.048722743988037,0, true,-0.000101295649074018, false, true,0,True
556,0.0028019000310450792,1, false,-0.00033753574825823307, false, true,0,False
557,0.015650659799575806,1, false,-0.0013171155005693436, false, false,1,True
558,0.11469876021146774,1, false,-0.006830468773841858, false, true,0,False
559,0.000339569611242041,1, false,-0.00020990616758354008, false, false,1,True
560,2.5748875486897305e-05,1, false,-0.0001966736454050988, false, false,1,True
561,4.664852142333984,0, true,-0.0008730748668313026, false, true,0,True
562,0.0006217215559445322,1, false,-0.00033683597575873137, false, false,1,True
563,2.033831834793091,0, true,0.002868548035621643, false, true,0,True
564,0.01700616627931595,1, false,-0.0004556383937597275, false, true,0,False
565,0.019187089055776596,1, false,3.055669367313385e-05, false, false,1,True
566,3.7623109817504883,0, true,-0.00027488358318805695, false, true,0,True
567,0.03558092936873436,1, false,-0.0006805248558521271, false, true,0,False
568,0.002444971352815628,1, false,-0.0005751245189458132, false, false,1,True
569,0.00011145447206217796,1, false,-0.00013952369045000523, false, false,1,True
570,1.9073468138230965e-06,1, false,-6.09904745942913e-05, false, false,1,True
571,0.0007210753974504769,1, false,-0.0002596146077848971, false, false,1,True
572,0.47479724884033203,1, false,-0.007944285869598389, false, true,0,False
573,0.04572378844022751,1, false,-0.00042144209146499634, false, true,0,False
574,8.34461570775602e-06,1, false,-7.672696665395051e-05, false, false,1,True
575,2.0265373677830212e-05,1, false,-0.0001587576698511839, false, false,1,True
576,0.017879387363791466,1, false,-0.0013835355639457703, false, true,0,False
577,0.0019301610300317407,1, false,-0.00028345745522528887, false, false,1,True
578,0.00910026952624321,1, false,-0.0003410298377275467, false, false,1,True
579,0.3051213026046753,1, false,-0.0024034976959228516, false, true,0,False
580,3.397406908334233e-05,1, false,-0.00013467409007716924, false, false,1,True
581,0.8869915008544922,0, true,-0.010925769805908203, false, true,0,True
582,3.9457496313843876e-05,1, false,-8.614973194198683e-05, false, true,0,False
583,1.5822254419326782,0, true,0.0002964287996292114, false, true,0,True
584,5.769562994828448e-05,1, false,-0.00019983996753580868, false, false,1,True
585,9.417489309271332e-06,1, false,-0.00020382409275043756, false, false,1,True
586,0.016860827803611755,1, false,-0.0007420070469379425, false, true,0,False
587,0.010708016343414783,1, false,-0.00016081426292657852, false, true,0,False
588,2.622600959512056e-06,1, false,-0.0001784269989002496, false, false,1,True
589,0.07400120049715042,1, false,-0.0027535036206245422, false, true,0,False
590,4.911301948595792e-05,1, false,-0.0001655581290833652, false, false,1,True
591,0.04845968261361122,1, false,3.415718674659729e-05, false, false,1,True
592,0.0036207374650985003,1, false,-0.0004414843861013651, false, true,0,False
593,0.6846395134925842,1, false,-0.004358410835266113, false, false,1,True
594,0.012215444818139076,1, false,-0.0009203245863318443, false, true,0,False
595,2.706014311115723e-05,1, false,-6.874209793750197e-05, false, false,1,True
596,0.013741417787969112,1, false,-0.0005370890721678734, false, true,0,False
597,0.0032576846424490213,1, false,-0.0005223359912633896, false, false,1,True
598,1.4305104514278355e-06,1, false,-0.00012024377792840824, false, false,1,True
599,0.029378902167081833,1, false,-0.00044776685535907745, false, true,0,False
600,4.887569048150908e-06,1, false,-5.133550803293474e-05, false, false,1,True
601,8.67805938469246e-05,1, false,-0.00048631447134539485, false, true,0,False
602,0.0002924968139268458,1, false,-0.0003102417103946209, false, false,1,True
603,4.970903682988137e-05,1, false,-0.0002482514246366918, false, false,1,True
604,0.00436223391443491,1, false,-0.0002648700028657913, false, false,1,True
605,0.008689449168741703,1, false,-3.1752511858940125e-05, false, false,1,True
606,5.364403477869928e-06,1, false,-8.888813317753375e-05, false, false,1,True
607,0.044748373329639435,1, false,-0.0003041774034500122, false, true,0,False
608,1.6080156564712524,0, true,0.0026548653841018677, false, true,0,True
609,0.06482888013124466,1, false,-0.004679597914218903, false, true,0,False
610,0.24926333129405975,1, false,-0.00019778311252593994, false, true,0,False
611,0.0017049076268449426,1, false,-0.0004743036115542054, false, false,1,True
612,0.22612382471561432,1, false,-0.000822603702545166, false, true,0,False
613,0.7710437178611755,0, true,-0.007547438144683838, false, true,0,True
614,2.1576648578047752e-05,1, false,-0.00023786534438841045, false, true,0,False
615,0.5894419550895691,1, false,0.01100468635559082, false, true,0,False
616,1.311301275563892e-06,1, false,-0.0001015261368593201, false, false,1,True
617,0.00020823694649152458,1, false,-0.0001709919306449592, false, false,1,True
618,0.0019785843323916197,1, false,0.00023397093173116446, false, false,1,True
619,3.099393507000059e-05,1, false,-0.0001024838857119903, false, false,1,True
620,0.0011853104224428535,1, false,-0.0003634179010987282, false, false,1,True
621,0.32589462399482727,1, false,-0.002055138349533081, false, true,0,False
622,1.1583489179611206,0, true,0.009440034627914429, false, true,0,True
623,0.3150554895401001,1, false,-0.004886031150817871, false, true,0,False
624,1.728519782773219e-05,1, false,-8.185771002899855e-05, false, false,1,True
625,0.0687360167503357,1, false,-0.0057308971881866455, false, false,1,True
626,0.00019572250312194228,1, false,-0.00033222808269783854, false, false,1,True
627,1.8714971542358398,0, true,-0.007737979292869568, false, true,0,True
628,1.896620512008667,0, true,-0.0033001601696014404, false, true,0,True
629,0.00012194366718176752,1, false,-0.00020928635785821825, false, false,1,True
630,0.005905323661863804,1, false,-0.0003702957183122635, false, true,0,False
631,0.012472604401409626,1, false,-0.0006217947229743004, false, true,0,False
632,0.20928888022899628,1, false,-0.005672276020050049, false, true,0,False
633,0.0003978414461016655,1, false,-0.0003646263503469527, false, false,1,True
634,0.0009108209051191807,1, false,-0.00016563304234296083, false, true,0,False
635,1.1843024492263794,0, true,0.007884502410888672, false, true,0,True
636,8.5588610090781e-05,1, false,-0.00011095811350969598, false, false,1,True
637,0.00013040646445006132,1, false,-0.0002422631368972361, false, false,1,True
638,0.006604272872209549,1, false,-0.00029550958424806595, false, true,0,False
639,0.0001726001501083374,1, false,-9.602651698514819e-05, false, false,1,True
640,0.016371799632906914,1, false,-0.0013959277421236038, false, false,1,True
641,2.861018856492592e-06,1, false,-0.00011630988592514768, false, false,1,True
642,0.0739811584353447,1, false,0.0024895966053009033, false, true,0,False
643,0.10732179880142212,1, false,0.00013303756713867188, false, true,0,False
644,0.0009949024533852935,1, false,-0.00019737822003662586, false, false,1,True
645,0.007475616410374641,1, false,-0.0006544189527630806, false, true,0,False
646,7.819823804311454e-05,1, false,-0.0002101035206578672, false, true,0,False
647,1.4305104514278355e-06,1, false,-4.90696111228317e-05, false, false,1,True
648,0.0013635394861921668,1, false,-0.0002684706123545766, false, false,1,True
649,0.47884753346443176,1, false,-0.029539674520492554, false, true,0,False
650,0.00011908298620255664,1, false,-8.318671461893246e-05, false, false,1,True
651,0.010987140238285065,1, false,-0.000567643903195858, false, false,1,True
652,0.0013049667468294501,1, false,-0.000179348629899323, false, false,1,True
653,2.50339189733495e-06,1, false,-7.160098903113976e-05, false, false,1,True
654,2.6925277709960938,0, true,-0.0031399354338645935, false, true,0,True
655,2.1934269170742482e-05,1, false,-8.912856719689444e-05, false, false,1,True
656,1.0013530300057027e-05,1, false,-0.00010367283539380878, false, false,1,True
657,2.8827667236328125,0, true,0.0005227178335189819, false, true,0,True
658,0.0018068907083943486,1, false,-0.0006973928539082408, false, true,0,False
659,0.09669359028339386,1, false,-0.0017926692962646484, false, true,0,False
660,0.0002748588449321687,1, false,-0.0003499464364722371, false, false,1,True
661,0.015664391219615936,1, false,-0.0003745071589946747, false, true,0,False
662,1.585470999998506e-05,1, false,-0.00019011514086741954, false, false,1,True
663,0.003606365295127034,1, false,-0.000149064464494586, false, true,0,False
664,0.0002203936892328784,1, false,-0.0002896662335842848, false, true,0,False
665,0.002123126992955804,1, false,-0.00041240802966058254, false, true,0,False
666,2.082104206085205,0, true,0.00018906593322753906, false, true,0,True
667,0.002711669309064746,1, false,-0.00032576522789895535, false, false,1,True
668,1.3470558769768104e-05,1, false,-4.6090361138340086e-05, false, false,1,True
669,1.9113352298736572,0, true,-0.005458265542984009, false, true,0,True
670,0.5441140532493591,1, false,-0.0034852027893066406, false, true,0,False
671,0.0023551841732114553,1, false,-0.0004727202467620373, false, false,1,True
672,0.0012903229799121618,1, false,-0.0017734179273247719, false, false,1,True
673,4.768258077092469e-05,1, false,-0.00012561657058540732, false, false,1,True
674,3.6954811548639555e-06,1, false,-8.185387559933588e-05, false, false,1,True
675,2.622600959512056e-06,1, false,-0.00011618879943853244, false, false,1,True
676,0.030203107744455338,1, false,-0.0007234364748001099, false, true,0,False
677,3.933898824470816e-06,1, false,-5.908032471779734e-05, false, false,1,True
678,0.0024073924869298935,1, false,-0.0007266616448760033, false, true,0,False
679,0.5434461832046509,1, false,-0.019626200199127197, false, true,0,False
680,7.271740287251305e-06,1, false,-0.0002145538164768368, false, false,1,True
681,0.00014482879487331957,1, false,-0.0003156759776175022, false, true,0,False
682,1.3346138000488281,0, true,0.004222482442855835, false, true,0,True
683,2.937932014465332,0, true,-5.260482430458069e-05, false, true,0,True
684,0.00713431928306818,1, false,-0.000430854968726635, false, true,0,False
685,0.009635960683226585,1, false,-0.00033118296414613724, false, true,0,False
686,0.000161038784426637,1, false,-0.00010997206845786422, false, false,1,True
687,8.77341881277971e-05,1, false,-0.0001773162221070379, false, false,1,True
688,0.7148188948631287,0, true,0.005276083946228027, false, true,0,True
689,0.0001037067049765028,1, false,-6.95924463798292e-05, false, true,0,False
690,0.06482060998678207,1, false,-0.0015747547149658203, false, true,0,False
691,0.00017021637177094817,1, false,-0.0002444916171953082, false, false,1,True
692,4.970903682988137e-05,1, false,-2.63036199612543e-05, false, false,1,True
693,0.15968751907348633,1, false,0.0031300783157348633, false, true,0,False
694,2.041759967803955,0, true,-0.0019983649253845215, false, true,0,True
695,0.00010394509445177391,1, false,-0.00019818954751826823, false, false,1,True
696,1.044947624206543,0, true,0.006536364555358887, false, true,0,True
697,0.00019667598826345056,1, false,-0.0002652592957019806, false, false,1,True
698,3.576278118089249e-07,1, false,-2.892240445362404e-05, false, false,1,True
699,0.0002699726028367877,1, false,-0.00018397383973933756, false, false,1,True
700,0.7358890175819397,0, true,-0.019719839096069336, false, false,1,False
701,0.983612060546875,0, true,-0.0003458559513092041, false, true,0,True
702,0.0015726829878985882,1, false,-0.00038648536428809166, false, true,0,False
703,0.00025340684805996716,1, false,-0.00019767667981795967, false, false,1,True
704,0.18105320632457733,1, false,-0.008763015270233154, false, true,0,False
705,0.01671828329563141,1, false,-0.0014286041259765625, false, true,0,False
706,0.06334573030471802,1, false,0.0015571042895317078, false, true,0,False
707,5.960462772236497e-07,1, false,-4.465982783585787e-05, false, false,1,True
708,0.0003719830128829926,1, false,-0.0002491221239324659, false, false,1,True
709,0.01304332260042429,1, false,-0.0005940152332186699, false, true,0,False
710,0.9384503364562988,0, true,-0.013097822666168213, false, true,0,True
711,0.0013548490824177861,1, false,-0.0001972218742594123, false, false,1,True
712,0.00014530557382386178,1, false,-9.172236605081707e-05, false, false,1,True
713,8.940656698541716e-06,1, false,-4.573083424475044e-05, false, false,1,True
714,0.06309372186660767,1, false,-0.0019845589995384216, false, true,0,False
715,0.007223441731184721,1, false,-0.0005524945445358753, false, true,0,False
716,0.019177615642547607,1, false,-0.001553105190396309, false, true,0,False
717,1.07287787614041e-05,1, false,-8.3881379396189e-05, false, false,1,True
718,2.0543570518493652,0, true,0.0032635778188705444, false, true,0,True
719,0.009291030466556549,1, false,-0.00011013541370630264, false, true,0,False
720,0.9506731033325195,0, true,0.0016669034957885742, false, true,0,True
721,0.006012922618538141,1, false,-0.0005651609972119331, false, false,1,True
722,0.0003721021639648825,1, false,-0.00012399998377077281, false, false,1,True
723,6.842378934379667e-05,1, false,-7.995606574695557e-05, false, false,1,True
724,0.6475144028663635,1, false,0.006527960300445557, false, true,0,False
725,8.106198947643861e-06,1, false,-7.016862218733877e-05, false, false,1,True
726,1.4305104514278355e-06,1, false,-6.695185584248975e-05, false, false,1,True
727,1.9373642206192017,0, true,0.007711589336395264, false, true,0,True
728,0.00037579628406092525,1, false,-0.00017976562958210707, false, true,0,False
729,0.00017891713650897145,1, false,-0.00019136638729833066, false, false,1,True
730,5.972207145532593e-05,1, false,-0.00016687370953150094, false, false,1,True
731,3.2186455882765586e-06,1, false,-6.468594801845029e-05, false, false,1,True
732,0.019536573439836502,1, false,0.0001549702137708664, false, true,0,False
733,2.3841830625315197e-06,1, false,-5.0501050282036886e-05, false, false,1,True
734,5.6622808187967166e-05,1, false,-0.0002023451670538634, false, true,0,False
735,2.604909896850586,0, true,-0.0067008137702941895, false, true,0,True
736,0.0005373702733777463,1, false,-0.00024251517606899142, false, false,1,True
737,3.8742269680369645e-05,1, false,-0.00011667276703519747, false, false,1,True
738,2.7418097943154862e-06,1, false,-5.3003492212155834e-05, false, false,1,True
739,9.536738616588991e-07,1, false,-3.714967897394672e-05, false, false,1,True
740,0.00016389934171456844,1, false,-0.0001753814722178504, false, false,1,True
741,0.334040105342865,1, false,-0.01058301329612732, false, true,0,False
742,2.109982233378105e-05,1, false,-0.00020680911256931722, false, false,1,True
743,3.0874729418428615e-05,1, false,-0.00018463369633536786, false, false,1,True
744,0.6266651749610901,1, false,-0.0002917051315307617, false, true,0,False
745,0.02924994006752968,1, false,-0.0029799267649650574, false, false,1,True
746,8.34461570775602e-06,1, false,-0.00010092915908899158, false, false,1,True
747,0.12229716777801514,1, false,-0.007706403732299805, false, true,0,False
748,0.00036113892565481365,1, false,-0.00021267138072289526, false, false,1,True
749,8.940656698541716e-06,1, false,-9.997548477258533e-05, false, false,1,True
750,2.5033637939486653e-05,1, false,-5.157225677976385e-05, false, false,1,True
751,0.8579121828079224,0, true,-0.0031766295433044434, false, true,0,True
752,0.000982159748673439,1, false,-0.0002058238023892045, false, false,1,True
753,0.026340041309595108,1, false,-0.002078164368867874, false, true,0,False
754,0.004833323881030083,1, false,-0.0006175469607114792, false, true,0,False
755,0.009736783802509308,1, false,-0.0007564807310700417, false, false,1,True
756,2.622600959512056e-06,1, false,-5.192967728362419e-05, false, false,1,True
757,1.4305104514278355e-06,1, false,-4.1796945879468694e-05, false, false,1,True
758,0.0001517419150331989,1, false,-0.00018622576317284256, false, false,1,True
759,1.619540810585022,0, true,0.0029502063989639282, false, true,0,True
760,3.8095390796661377,0, true,-0.0012909099459648132, false, true,0,True
761,0.00017617580306250602,1, false,-0.00020293476700317115, false, false,1,True
762,1.3038578033447266,0, true,-0.00775754451751709, false, true,0,True
763,9.059865078597795e-06,1, false,-0.00012739631347358227, false, false,1,True
764,1.9073468138230965e-06,1, false,-3.094800922553986e-05, false, false,1,True
765,0.00015531764074694365,1, false,-0.00033065181924030185, false, false,1,True
766,0.026157615706324577,1, false,0.0006433427333831787, false, true,0,False
767,0.00016926287207752466,1, false,-0.00019255588995292783, false, false,1,True
768,0.00024434918304905295,1, false,-0.00016505259554833174, false, false,1,True
769,0.0023493566550314426,1, false,-0.0006571691483259201, false, false,1,True
770,0.044167984277009964,1, false,0.001295424997806549, false, true,0,False
771,0.014286733232438564,1, false,0.00036966148763895035, false, false,1,True
772,0.6354658007621765,1, false,-0.00016540288925170898, false, true,0,False
773,1.8543412685394287,0, true,-0.0036696642637252808, false, true,0,True
774,0.002144182100892067,1, false,-0.0004344368353486061, false, false,1,True
775,0.00019822540343739092,1, false,-0.00018958933651447296, false, false,1,True
776,8.34461570775602e-06,1, false,-9.210677671944723e-05, false, false,1,True
777,3.4450891689630225e-05,1, false,-0.00011786472168751061, false, false,1,True
778,1.0728830375228426e-06,1, false,-6.122703052824363e-05, false, false,1,True
779,1.9073304429184645e-05,1, false,-6.051561649655923e-05, false, false,1,True
780,0.0033538066782057285,1, false,-0.0006200834177434444, false, false,1,True
781,1.823885577323381e-05,1, false,-9.639930067351088e-05, false, false,1,True
782,9.179073458653875e-06,1, false,-0.0002378623903496191, false, true,0,False
783,0.002098026918247342,1, false,-0.0005823688115924597, false, false,1,True
784,0.0002641328901518136,1, false,-0.0001353698899038136, false, true,0,False
785,0.00045193947153165936,1, false,-0.0002473017666488886, false, false,1,True
786,2.0807008743286133,0, true,-0.002107962965965271, false, true,0,True
787,2.145764938177308e-06,1, false,-4.668449764722027e-05, false, false,1,True
788,1.1324817933200393e-05,1, false,-6.480705633293837e-05, false, false,1,True
789,0.00019131260341964662,1, false,-0.00017169825150631368, false, false,1,True
790,0.031998660415410995,1, false,-0.0004491955041885376, false, true,0,False
791,0.005004142876714468,1, false,5.003158003091812e-05, false, true,0,False
792,0.012456239201128483,1, false,-0.00020966213196516037, false, true,0,False
793,0.2515700161457062,1, false,-0.016847699880599976, false, true,0,False
794,0.0020817292388528585,1, false,-0.00020728143863379955, false, true,0,False
795,1.7881233361549675e-05,1, false,-0.00010796535934787244, false, false,1,True
796,0.1395813226699829,1, false,-0.006836622953414917, false, true,0,False
797,2.9316999912261963,0, true,0.00010551512241363525, false, true,0,True
798,0.0015592334093526006,1, false,-0.00048498495016247034, false, true,0,False
799,1.6718814373016357,0, true,-0.008541449904441833, false, true,0,True
800,5.817244164063595e-05,1, false,-0.00012859917478635907, false, true,0,False
801,0.01474553719162941,1, false,0.0002394234761595726, false, false,1,True
802,4.172316494077677e-06,1, false,-9.711352322483435e-05, false, false,1,True
803,0.000578474544454366,1, false,-6.666663102805614e-05, false, true,0,False
804,0.01696186326444149,1, false,-0.0014957766979932785, false, true,0,False
805,0.002989230677485466,1, false,-0.0002868412993848324, false, false,1,True
806,1.8480329513549805,0, true,-0.006709963083267212, false, true,0,True
807,0.03094850666821003,1, false,0.00229068286716938, false, true,0,False
808,0.00012110930401831865,1, false,-0.00014250873937271535, false, false,1,True
809,0.0028851095121353865,1, false,-0.0001911860890686512, false, false,1,True
810,0.0006385194719769061,1, false,-0.00010503822704777122, false, true,0,False
811,4.6491513785440475e-06,1, false,-3.0351962777785957e-05, false, false,1,True
812,0.02146979793906212,1, false,-0.0011914577335119247, false, true,0,False
813,3.397406908334233e-05,1, false,-6.457092240452766e-05, false, false,1,True
814,4.649054244509898e-05,1, false,-0.0001781978935468942, false, false,1,True
815,0.08831377327442169,1, false,0.0034162700176239014, false, true,0,False
816,0.008735300973057747,1, false,-0.0012973444536328316, false, true,0,False
817,2.002696055569686e-05,1, false,-9.819121623877436e-05, false, false,1,True
818,1.2858996391296387,0, true,-0.012248605489730835, false, true,0,True
819,0.0008226824575103819,1, false,-0.0007440136396326125, false, false,1,True
820,3.576272320060525e-06,1, false,-8.17346663097851e-05, false, false,1,True
821,0.07340187579393387,1, false,0.0009601190686225891, false, false,1,True
822,1.5497195136049413e-06,1, false,-0.0006432356894947588, false, false,1,True
823,0.05240843445062637,1, false,0.0009152330458164215, false, true,0,False
824,0.22706365585327148,1, false,-0.006209239363670349, false, true,0,False
825,7.152531907195225e-06,1, false,-0.0002484747674316168, false, false,1,True
826,0.5801929831504822,1, false,-0.005544781684875488, false, true,0,False
827,0.005153229925781488,1, false,-0.0006052539683878422, false, false,1,True
828,0.3538724184036255,1, false,-0.0023567378520965576, false, true,0,False
829,0.007865882478654385,1, false,-0.0009374590590596199, false, false,1,True
830,0.088954396545887,1, false,-0.000520363450050354, false, true,0,False
831,0.00011836781777674332,1, false,-0.00010906335228355601, false, false,1,True
832,0.016534680500626564,1, false,-0.0015745721757411957, false, true,0,False
833,1.8478875160217285,0, true,-0.004481375217437744, false, true,0,True
834,0.6427906155586243,1, false,0.011062562465667725, false, true,0,False
835,0.04108971357345581,1, false,0.0006423778831958771, false, true,0,False
836,1.494574785232544,0, true,0.019666090607643127, false, true,0,True
837,0.0024819541722536087,1, false,-0.001353531377390027, false, true,0,False
838,0.12341058999300003,1, false,-0.00838565081357956, false, true,0,False
839,0.00014006110723130405,1, false,-0.00013035369920544326, false, false,1,True
840,0.00014447122521232814,1, false,-0.00018401605484541506, false, false,1,True
841,0.006656259763985872,1, false,-0.0005052927881479263, false, true,0,False
842,0.049740731716156006,1, false,-0.00716039165854454, false, true,0,False
843,0.00023016665363684297,1, false,-0.0004042382352054119, false, true,0,False
844,0.001786899520084262,1, false,-8.299283217638731e-05, false, false,1,True
845,1.9633538722991943,0, true,-0.0010647624731063843, false, true,0,True
846,2.9390225410461426,0, true,-0.0011098645627498627, false, true,0,True
847,1.792830228805542,0, true,-0.005534768104553223, false, true,0,True
848,0.001585894264280796,1, false,-0.000772000290453434, false, false,1,True
849,0.022339947521686554,1, false,-0.00080912746489048, false, true,0,False
850,4.22772216796875,0, true,-0.001868581399321556, false, true,0,True
851,0.13490183651447296,1, false,-0.009024307131767273, false, true,0,False
852,0.13416491448879242,1, false,0.000440061092376709, false, false,1,True
853,0.006728610955178738,1, false,6.550736725330353e-05, false, true,0,False
854,0.011342448182404041,1, false,-0.0017441604286432266, false, true,0,False
855,6.41325386823155e-05,1, false,-9.283034160034731e-05, false, false,1,True
856,0.000144709600135684,1, false,-0.0001587363367434591, false, false,1,True
857,0.017158864066004753,1, false,-0.0014107394963502884, false, true,0,False
858,0.0458856001496315,1, false,9.521842002868652e-05, false, false,1,True
859,6.198863957251888e-06,1, false,-6.957538425922394e-05, false, false,1,True
860,1.9550132492440753e-05,1, false,-0.00015028916823212057, false, false,1,True
861,1.9073468138230965e-06,1, false,-5.872645851923153e-05, false, false,1,True
862,0.0010121704544872046,1, false,-0.00033623306080698967, false, false,1,True
863,0.00021371940965764225,1, false,-0.0001367717341054231, false, false,1,True
864,0.0008556757238693535,1, false,-0.00013987120473757386, false, true,0,False
865,0.5921584367752075,1, false,0.009439945220947266, false, true,0,False
866,0.0047372253611683846,1, false,-0.0008476017974317074, false, true,0,False
867,0.45804667472839355,1, false,-0.022174596786499023, false, true,0,False
868,1.2874520507466514e-05,1, false,-8.173563401214778e-05, false, false,1,True
869,0.0007715824176557362,1, false,-0.00010834250133484602, false, true,0,False
870,0.000565249880310148,1, false,-0.00023640657309442759, false, false,1,True
871,2.825220326485578e-05,1, false,-0.000105461229395587, false, false,1,True
872,0.0007539528887718916,1, false,-0.00022912316489964724, false, false,1,True
873,0.015137438662350178,1, false,-0.000568675808608532, false, false,1,True
874,3.2066785934148356e-05,1, false,-0.00011655241542030126, false, false,1,True
875,0.85480797290802,0, true,-0.0007982850074768066, false, false,1,False
876,1.4305012882687151e-05,1, false,-6.027526978868991e-05, false, true,0,False
877,2.0265558760002023e-06,1, false,-2.5941248168237507e-05, false, false,1,True
878,2.3483953555114567e-05,1, false,-0.0002605253248475492, false, true,0,False
879,0.0021923573222011328,1, false,-0.00032321829348802567, false, true,0,False
880,0.7815120220184326,0, true,-0.00016289949417114258, false, true,0,True
881,0.012549950741231441,1, false,-0.0007159747183322906, false, false,1,True
882,0.003570255357772112,1, false,-0.00028192391619086266, false, false,1,True
883,1.1444026313256472e-05,1, false,-6.242193921934813e-05, false, false,1,True
884,0.6973910927772522,0, true,-0.01209789514541626, false, true,0,True
885,0.007728319149464369,1, false,-0.00021371012553572655, false, false,1,True
886,4.362964682513848e-05,1, false,-0.00018344202544540167, false, false,1,True
887,1.4424220353248529e-05,1, false,-0.00021580880274996161, false, false,1,True
888,7.116541382856667e-05,1, false,-6.767493323422968e-05, false, false,1,True
889,3.469907760620117,0, true,-0.0010834522545337677, false, true,0,True
890,1.5683354139328003,0, true,-0.0049317628145217896, false, true,0,True
891,0.07584353536367416,1, false,3.653019666671753e-05, false, true,0,False
892,3.6954811548639555e-06,1, false,-0.00022653753694612533, false, false,1,True
893,0.02042545937001705,1, false,-0.00146506167948246, false, true,0,False
894,0.0012982996413484216,1, false,-0.00020840251818299294, false, false,1,True
895,0.026317283511161804,1, false,-0.001204056665301323, false, true,0,False
896,0.0022890574764460325,1, false,-0.00033020018599927425, false, false,1,True
897,0.0020657882560044527,1, false,-5.028373561799526e-05, false, false,1,True
898,0.10468140989542007,1, false,0.0033552274107933044, false, true,0,False
899,0.01619059592485428,1, false,-0.0013782680034637451, false, true,0,False
